2026-03-21 15:02:43 [INFO] API-GATEWAY: GET /api/user - 200 {
  "method": "GET",
  "path": "/api/user",
  "statusCode": 200,
  "duration": "59ms",
  "ip": "::1",
  "userAgent": "PostmanRuntime/7.52.0"
}
2026-03-21 15:05:54 [INFO] API-GATEWAY: GET /api/user - 200 {
  "method": "GET",
  "path": "/api/user",
  "statusCode": 200,
  "duration": "23ms",
  "ip": "::1",
  "userAgent": "PostmanRuntime/7.52.0"
}
2026-03-21 15:08:12 [INFO] API-GATEWAY: GET /api/user - 200 {
  "method": "GET",
  "path": "/api/user",
  "statusCode": 200,
  "duration": "45ms",
  "ip": "::1",
  "userAgent": "PostmanRuntime/7.52.0"
}
2026-03-21 15:10:55 [INFO] API-GATEWAY: GET /api/user - 200 {"method":"GET","path":"/api/user","statusCode":200,"duration":"54ms","ip":"::1","userAgent":"PostmanRuntime/7.52.0"}
2026-03-21 15:11:25 [INFO] API-GATEWAY: GET /api/user - 200 {"method":"GET","path":"/api/user","statusCode":200,"duration":"25ms","ip":"::1","userAgent":"PostmanRuntime/7.52.0"}
2026-03-21 15:11:34 [INFO] API-GATEWAY: GET /api/user - 200 {"method":"GET","path":"/api/user","statusCode":200,"duration":"28ms","ip":"::1","userAgent":"PostmanRuntime/7.52.0"}
2026-03-21 15:11:36 [INFO] API-GATEWAY: GET /api/user - 200 {"method":"GET","path":"/api/user","statusCode":200,"duration":"8ms","ip":"::1","userAgent":"PostmanRuntime/7.52.0"}
2026-03-21 15:11:39 [INFO] API-GATEWAY: GET /api/user - 200 {"method":"GET","path":"/api/user","statusCode":200,"duration":"11ms","ip":"::1","userAgent":"PostmanRuntime/7.52.0"}
2026-03-21 15:11:41 [INFO] API-GATEWAY: GET /api/user - 200 {"method":"GET","path":"/api/user","statusCode":200,"duration":"8ms","ip":"::1","userAgent":"PostmanRuntime/7.52.0"}
2026-03-21 15:15:57 [INFO] API-GATEWAY: GET /api/user - 200 {"method":"GET","path":"/api/user","statusCode":200,"duration":"16ms","ip":"::1","userAgent":"PostmanRuntime/7.52.0"}
2026-03-21 15:22:55 [ERROR] API-GATEWAY: Rate limiter error {"error":"rateLimiterScript is not defined"}
2026-03-21 15:22:55 [INFO] API-GATEWAY: GET /api/user - 200 {"method":"GET","path":"/api/user","statusCode":200,"duration":"36ms","ip":"::1","userAgent":"PostmanRuntime/7.52.0"}
2026-03-21 15:23:01 [ERROR] API-GATEWAY: Rate limiter error {"error":"rateLimiterScript is not defined"}
2026-03-21 15:23:01 [INFO] API-GATEWAY: GET /api/user - 200 {"method":"GET","path":"/api/user","statusCode":200,"duration":"11ms","ip":"::1","userAgent":"PostmanRuntime/7.52.0"}
2026-03-21 15:23:02 [ERROR] API-GATEWAY: Rate limiter error {"error":"rateLimiterScript is not defined"}
2026-03-21 15:23:02 [INFO] API-GATEWAY: GET /api/user - 200 {"method":"GET","path":"/api/user","statusCode":200,"duration":"7ms","ip":"::1","userAgent":"PostmanRuntime/7.52.0"}
2026-03-21 15:23:02 [ERROR] API-GATEWAY: Rate limiter error {"error":"rateLimiterScript is not defined"}
2026-03-21 15:23:02 [INFO] API-GATEWAY: GET /api/user - 200 {"method":"GET","path":"/api/user","statusCode":200,"duration":"6ms","ip":"::1","userAgent":"PostmanRuntime/7.52.0"}
2026-03-21 15:23:03 [ERROR] API-GATEWAY: Rate limiter error {"error":"rateLimiterScript is not defined"}
2026-03-21 15:23:03 [INFO] API-GATEWAY: GET /api/user - 200 {"method":"GET","path":"/api/user","statusCode":200,"duration":"6ms","ip":"::1","userAgent":"PostmanRuntime/7.52.0"}
2026-03-21 15:23:04 [ERROR] API-GATEWAY: Rate limiter error {"error":"rateLimiterScript is not defined"}
2026-03-21 15:23:04 [INFO] API-GATEWAY: GET /api/user - 200 {"method":"GET","path":"/api/user","statusCode":200,"duration":"7ms","ip":"::1","userAgent":"PostmanRuntime/7.52.0"}
2026-03-21 15:23:04 [ERROR] API-GATEWAY: Rate limiter error {"error":"rateLimiterScript is not defined"}
2026-03-21 15:23:04 [INFO] API-GATEWAY: GET /api/user - 200 {"method":"GET","path":"/api/user","statusCode":200,"duration":"9ms","ip":"::1","userAgent":"PostmanRuntime/7.52.0"}
2026-03-21 15:23:05 [ERROR] API-GATEWAY: Rate limiter error {"error":"rateLimiterScript is not defined"}
2026-03-21 15:23:05 [INFO] API-GATEWAY: GET /api/user - 200 {"method":"GET","path":"/api/user","statusCode":200,"duration":"6ms","ip":"::1","userAgent":"PostmanRuntime/7.52.0"}
2026-03-21 15:23:06 [ERROR] API-GATEWAY: Rate limiter error {"error":"rateLimiterScript is not defined"}
2026-03-21 15:23:06 [INFO] API-GATEWAY: GET /api/user - 200 {"method":"GET","path":"/api/user","statusCode":200,"duration":"8ms","ip":"::1","userAgent":"PostmanRuntime/7.52.0"}
2026-03-21 15:23:06 [ERROR] API-GATEWAY: Rate limiter error {"error":"rateLimiterScript is not defined"}
2026-03-21 15:23:06 [INFO] API-GATEWAY: GET /api/user - 200 {"method":"GET","path":"/api/user","statusCode":200,"duration":"6ms","ip":"::1","userAgent":"PostmanRuntime/7.52.0"}
2026-03-21 15:23:07 [ERROR] API-GATEWAY: Rate limiter error {"error":"rateLimiterScript is not defined"}
2026-03-21 15:23:07 [INFO] API-GATEWAY: GET /api/user - 200 {"method":"GET","path":"/api/user","statusCode":200,"duration":"5ms","ip":"::1","userAgent":"PostmanRuntime/7.52.0"}
2026-03-21 15:23:08 [ERROR] API-GATEWAY: Rate limiter error {"error":"rateLimiterScript is not defined"}
2026-03-21 15:23:08 [INFO] API-GATEWAY: GET /api/user - 200 {"method":"GET","path":"/api/user","statusCode":200,"duration":"7ms","ip":"::1","userAgent":"PostmanRuntime/7.52.0"}
2026-03-21 15:23:26 [ERROR] API-GATEWAY: Rate limiter error {"error":"rateLimiterScript is not defined"}
2026-03-21 15:23:26 [INFO] API-GATEWAY: GET /api/user - 200 {"method":"GET","path":"/api/user","statusCode":200,"duration":"79ms","ip":"::1","userAgent":"PostmanRuntime/7.52.0"}
2026-03-21 15:23:27 [ERROR] API-GATEWAY: Rate limiter error {"error":"rateLimiterScript is not defined"}
2026-03-21 15:23:27 [INFO] API-GATEWAY: GET /api/user - 200 {"method":"GET","path":"/api/user","statusCode":200,"duration":"7ms","ip":"::1","userAgent":"PostmanRuntime/7.52.0"}
2026-03-21 15:23:27 [ERROR] API-GATEWAY: Rate limiter error {"error":"rateLimiterScript is not defined"}
2026-03-21 15:23:27 [INFO] API-GATEWAY: GET /api/user - 200 {"method":"GET","path":"/api/user","statusCode":200,"duration":"8ms","ip":"::1","userAgent":"PostmanRuntime/7.52.0"}
2026-03-21 15:23:28 [ERROR] API-GATEWAY: Rate limiter error {"error":"rateLimiterScript is not defined"}
2026-03-21 15:23:28 [INFO] API-GATEWAY: GET /api/user - 200 {"method":"GET","path":"/api/user","statusCode":200,"duration":"6ms","ip":"::1","userAgent":"PostmanRuntime/7.52.0"}
2026-03-21 15:23:29 [ERROR] API-GATEWAY: Rate limiter error {"error":"rateLimiterScript is not defined"}
2026-03-21 15:23:29 [INFO] API-GATEWAY: GET /api/user - 200 {"method":"GET","path":"/api/user","statusCode":200,"duration":"7ms","ip":"::1","userAgent":"PostmanRuntime/7.52.0"}
2026-03-21 15:23:30 [ERROR] API-GATEWAY: Rate limiter error {"error":"rateLimiterScript is not defined"}
2026-03-21 15:23:30 [INFO] API-GATEWAY: GET /api/user - 200 {"method":"GET","path":"/api/user","statusCode":200,"duration":"6ms","ip":"::1","userAgent":"PostmanRuntime/7.52.0"}
2026-03-21 15:23:31 [ERROR] API-GATEWAY: Rate limiter error {"error":"rateLimiterScript is not defined"}
2026-03-21 15:23:31 [INFO] API-GATEWAY: GET /api/user - 200 {"method":"GET","path":"/api/user","statusCode":200,"duration":"8ms","ip":"::1","userAgent":"PostmanRuntime/7.52.0"}
2026-03-21 15:23:31 [ERROR] API-GATEWAY: Rate limiter error {"error":"rateLimiterScript is not defined"}
2026-03-21 15:23:31 [INFO] API-GATEWAY: GET /api/user - 200 {"method":"GET","path":"/api/user","statusCode":200,"duration":"6ms","ip":"::1","userAgent":"PostmanRuntime/7.52.0"}
2026-03-21 15:23:32 [ERROR] API-GATEWAY: Rate limiter error {"error":"rateLimiterScript is not defined"}
2026-03-21 15:23:32 [INFO] API-GATEWAY: GET /api/user - 200 {"method":"GET","path":"/api/user","statusCode":200,"duration":"6ms","ip":"::1","userAgent":"PostmanRuntime/7.52.0"}
2026-03-21 15:23:33 [ERROR] API-GATEWAY: Rate limiter error {"error":"rateLimiterScript is not defined"}
2026-03-21 15:23:33 [INFO] API-GATEWAY: GET /api/user - 200 {"method":"GET","path":"/api/user","statusCode":200,"duration":"7ms","ip":"::1","userAgent":"PostmanRuntime/7.52.0"}
2026-03-21 15:23:33 [ERROR] API-GATEWAY: Rate limiter error {"error":"rateLimiterScript is not defined"}
2026-03-21 15:23:33 [INFO] API-GATEWAY: GET /api/user - 200 {"method":"GET","path":"/api/user","statusCode":200,"duration":"7ms","ip":"::1","userAgent":"PostmanRuntime/7.52.0"}
2026-03-21 15:23:34 [ERROR] API-GATEWAY: Rate limiter error {"error":"rateLimiterScript is not defined"}
2026-03-21 15:23:34 [INFO] API-GATEWAY: GET /api/user - 200 {"method":"GET","path":"/api/user","statusCode":200,"duration":"6ms","ip":"::1","userAgent":"PostmanRuntime/7.52.0"}
2026-03-21 15:23:35 [ERROR] API-GATEWAY: Rate limiter error {"error":"rateLimiterScript is not defined"}
2026-03-21 15:23:35 [INFO] API-GATEWAY: GET /api/user - 200 {"method":"GET","path":"/api/user","statusCode":200,"duration":"4ms","ip":"::1","userAgent":"PostmanRuntime/7.52.0"}
2026-03-21 15:23:36 [ERROR] API-GATEWAY: Rate limiter error {"error":"rateLimiterScript is not defined"}
2026-03-21 15:23:36 [INFO] API-GATEWAY: GET /api/user - 200 {"method":"GET","path":"/api/user","statusCode":200,"duration":"5ms","ip":"::1","userAgent":"PostmanRuntime/7.52.0"}
2026-03-21 15:25:06 [ERROR] API-GATEWAY: Rate limiter error {"error":"ERR Error running script (call to f_790c20884345c91de1789e7f7821365040bc6ade): @user_script:7: WRONGTYPE Operation against a key holding the wrong kind of value "}
2026-03-21 15:25:06 [INFO] API-GATEWAY: GET /api/user - 200 {"method":"GET","path":"/api/user","statusCode":200,"duration":"78ms","ip":"::1","userAgent":"PostmanRuntime/7.52.0"}
2026-03-21 15:25:07 [ERROR] API-GATEWAY: Rate limiter error {"error":"ERR Error running script (call to f_790c20884345c91de1789e7f7821365040bc6ade): @user_script:7: WRONGTYPE Operation against a key holding the wrong kind of value "}
2026-03-21 15:25:07 [INFO] API-GATEWAY: GET /api/user - 200 {"method":"GET","path":"/api/user","statusCode":200,"duration":"14ms","ip":"::1","userAgent":"PostmanRuntime/7.52.0"}
2026-03-21 15:25:08 [ERROR] API-GATEWAY: Rate limiter error {"error":"ERR Error running script (call to f_790c20884345c91de1789e7f7821365040bc6ade): @user_script:7: WRONGTYPE Operation against a key holding the wrong kind of value "}
2026-03-21 15:25:08 [INFO] API-GATEWAY: GET /api/user - 200 {"method":"GET","path":"/api/user","statusCode":200,"duration":"9ms","ip":"::1","userAgent":"PostmanRuntime/7.52.0"}
2026-03-21 15:25:09 [ERROR] API-GATEWAY: Rate limiter error {"error":"ERR Error running script (call to f_790c20884345c91de1789e7f7821365040bc6ade): @user_script:7: WRONGTYPE Operation against a key holding the wrong kind of value "}
2026-03-21 15:25:09 [INFO] API-GATEWAY: GET /api/user - 200 {"method":"GET","path":"/api/user","statusCode":200,"duration":"9ms","ip":"::1","userAgent":"PostmanRuntime/7.52.0"}
2026-03-21 15:25:09 [ERROR] API-GATEWAY: Rate limiter error {"error":"ERR Error running script (call to f_790c20884345c91de1789e7f7821365040bc6ade): @user_script:7: WRONGTYPE Operation against a key holding the wrong kind of value "}
2026-03-21 15:25:09 [INFO] API-GATEWAY: GET /api/user - 200 {"method":"GET","path":"/api/user","statusCode":200,"duration":"8ms","ip":"::1","userAgent":"PostmanRuntime/7.52.0"}
2026-03-21 15:25:10 [ERROR] API-GATEWAY: Rate limiter error {"error":"ERR Error running script (call to f_790c20884345c91de1789e7f7821365040bc6ade): @user_script:7: WRONGTYPE Operation against a key holding the wrong kind of value "}
2026-03-21 15:25:10 [INFO] API-GATEWAY: GET /api/user - 200 {"method":"GET","path":"/api/user","statusCode":200,"duration":"10ms","ip":"::1","userAgent":"PostmanRuntime/7.52.0"}
2026-03-21 15:25:11 [ERROR] API-GATEWAY: Rate limiter error {"error":"ERR Error running script (call to f_790c20884345c91de1789e7f7821365040bc6ade): @user_script:7: WRONGTYPE Operation against a key holding the wrong kind of value "}
2026-03-21 15:25:11 [INFO] API-GATEWAY: GET /api/user - 200 {"method":"GET","path":"/api/user","statusCode":200,"duration":"7ms","ip":"::1","userAgent":"PostmanRuntime/7.52.0"}
2026-03-21 15:25:11 [ERROR] API-GATEWAY: Rate limiter error {"error":"ERR Error running script (call to f_790c20884345c91de1789e7f7821365040bc6ade): @user_script:7: WRONGTYPE Operation against a key holding the wrong kind of value "}
2026-03-21 15:25:11 [INFO] API-GATEWAY: GET /api/user - 200 {"method":"GET","path":"/api/user","statusCode":200,"duration":"10ms","ip":"::1","userAgent":"PostmanRuntime/7.52.0"}
2026-03-21 15:25:12 [ERROR] API-GATEWAY: Rate limiter error {"error":"ERR Error running script (call to f_790c20884345c91de1789e7f7821365040bc6ade): @user_script:7: WRONGTYPE Operation against a key holding the wrong kind of value "}
2026-03-21 15:25:12 [INFO] API-GATEWAY: GET /api/user - 200 {"method":"GET","path":"/api/user","statusCode":200,"duration":"8ms","ip":"::1","userAgent":"PostmanRuntime/7.52.0"}
2026-03-21 15:25:13 [ERROR] API-GATEWAY: Rate limiter error {"error":"ERR Error running script (call to f_790c20884345c91de1789e7f7821365040bc6ade): @user_script:7: WRONGTYPE Operation against a key holding the wrong kind of value "}
2026-03-21 15:25:13 [INFO] API-GATEWAY: GET /api/user - 200 {"method":"GET","path":"/api/user","statusCode":200,"duration":"9ms","ip":"::1","userAgent":"PostmanRuntime/7.52.0"}
2026-03-21 15:25:13 [ERROR] API-GATEWAY: Rate limiter error {"error":"ERR Error running script (call to f_790c20884345c91de1789e7f7821365040bc6ade): @user_script:7: WRONGTYPE Operation against a key holding the wrong kind of value "}
2026-03-21 15:25:13 [INFO] API-GATEWAY: GET /api/user - 200 {"method":"GET","path":"/api/user","statusCode":200,"duration":"6ms","ip":"::1","userAgent":"PostmanRuntime/7.52.0"}
2026-03-21 15:25:14 [ERROR] API-GATEWAY: Rate limiter error {"error":"ERR Error running script (call to f_790c20884345c91de1789e7f7821365040bc6ade): @user_script:7: WRONGTYPE Operation against a key holding the wrong kind of value "}
2026-03-21 15:25:14 [INFO] API-GATEWAY: GET /api/user - 200 {"method":"GET","path":"/api/user","statusCode":200,"duration":"8ms","ip":"::1","userAgent":"PostmanRuntime/7.52.0"}
2026-03-21 15:25:16 [ERROR] API-GATEWAY: Rate limiter error {"error":"ERR Error running script (call to f_790c20884345c91de1789e7f7821365040bc6ade): @user_script:7: WRONGTYPE Operation against a key holding the wrong kind of value "}
2026-03-21 15:25:16 [INFO] API-GATEWAY: GET /api/user - 200 {"method":"GET","path":"/api/user","statusCode":200,"duration":"18ms","ip":"::1","userAgent":"PostmanRuntime/7.52.0"}
2026-03-21 15:26:35 [INFO] API-GATEWAY: GET /api/user - 200 {"method":"GET","path":"/api/user","statusCode":200,"duration":"32ms","ip":"::1","userAgent":"PostmanRuntime/7.52.0"}
2026-03-21 15:26:35 [INFO] API-GATEWAY: GET /api/user - 200 {"method":"GET","path":"/api/user","statusCode":200,"duration":"9ms","ip":"::1","userAgent":"PostmanRuntime/7.52.0"}
2026-03-21 15:26:36 [INFO] API-GATEWAY: GET /api/user - 200 {"method":"GET","path":"/api/user","statusCode":200,"duration":"6ms","ip":"::1","userAgent":"PostmanRuntime/7.52.0"}
2026-03-21 15:26:37 [INFO] API-GATEWAY: GET /api/user - 200 {"method":"GET","path":"/api/user","statusCode":200,"duration":"8ms","ip":"::1","userAgent":"PostmanRuntime/7.52.0"}
2026-03-21 15:26:38 [INFO] API-GATEWAY: GET /api/user - 200 {"method":"GET","path":"/api/user","statusCode":200,"duration":"8ms","ip":"::1","userAgent":"PostmanRuntime/7.52.0"}
2026-03-21 15:26:38 [INFO] API-GATEWAY: GET /api/user - 200 {"method":"GET","path":"/api/user","statusCode":200,"duration":"6ms","ip":"::1","userAgent":"PostmanRuntime/7.52.0"}
2026-03-21 15:26:39 [INFO] API-GATEWAY: GET /api/user - 200 {"method":"GET","path":"/api/user","statusCode":200,"duration":"5ms","ip":"::1","userAgent":"PostmanRuntime/7.52.0"}
2026-03-21 15:26:40 [INFO] API-GATEWAY: GET /api/user - 200 {"method":"GET","path":"/api/user","statusCode":200,"duration":"7ms","ip":"::1","userAgent":"PostmanRuntime/7.52.0"}
2026-03-21 15:26:41 [INFO] API-GATEWAY: GET /api/user - 200 {"method":"GET","path":"/api/user","statusCode":200,"duration":"7ms","ip":"::1","userAgent":"PostmanRuntime/7.52.0"}
2026-03-21 15:26:41 [INFO] API-GATEWAY: GET /api/user - 200 {"method":"GET","path":"/api/user","statusCode":200,"duration":"8ms","ip":"::1","userAgent":"PostmanRuntime/7.52.0"}
2026-03-21 15:26:42 [WARN] API-GATEWAY: GET /api/user - 429 {"method":"GET","path":"/api/user","statusCode":429,"duration":"2ms","ip":"::1","userAgent":"PostmanRuntime/7.52.0"}
2026-03-21 15:27:04 [WARN] API-GATEWAY: GET /api/user - 429 {"method":"GET","path":"/api/user","statusCode":429,"duration":"0ms","ip":"::1","userAgent":"PostmanRuntime/7.52.0"}
2026-03-21 15:30:43 [INFO] API-GATEWAY: GET /api/user - 200 {"method":"GET","path":"/api/user","statusCode":200,"duration":"5ms","ip":"::1","userAgent":"PostmanRuntime/7.52.0"}
2026-03-21 15:30:52 [WARN] API-GATEWAY: Missing or invalid authorization header {"path":"/"}
2026-03-21 15:30:52 [WARN] API-GATEWAY: GET /api/user - 401 {"method":"GET","path":"/api/user","statusCode":401,"duration":"2ms","ip":"::1","userAgent":"PostmanRuntime/7.52.0"}
2026-03-21 15:31:05 [WARN] API-GATEWAY: Missing or invalid authorization header {"path":"/"}
2026-03-21 15:31:05 [WARN] API-GATEWAY: GET /api/user - 401 {"method":"GET","path":"/api/user","statusCode":401,"duration":"1ms","ip":"::1","userAgent":"PostmanRuntime/7.52.0"}
2026-03-21 15:32:34 [WARN] API-GATEWAY: JWT verification failed: jwt malformed {"path":"/"}
2026-03-21 15:32:34 [WARN] API-GATEWAY: GET /api/user - 403 {"method":"GET","path":"/api/user","statusCode":403,"duration":"1ms","ip":"::1","userAgent":"PostmanRuntime/7.52.0"}
2026-03-21 15:32:41 [INFO] API-GATEWAY: GET /api/user - 200 {"method":"GET","path":"/api/user","statusCode":200,"duration":"6ms","ip":"::1","userAgent":"PostmanRuntime/7.52.0"}
2026-03-22 09:40:24 [WARN] API-GATEWAY: POST /health - 404 {"method":"POST","path":"/health","statusCode":404,"duration":"12ms","ip":"::1","userAgent":"PostmanRuntime/7.52.0"}
2026-03-22 09:40:30 [INFO] API-GATEWAY: GET /health - 200 {"method":"GET","path":"/health","statusCode":200,"duration":"2ms","ip":"::1","userAgent":"PostmanRuntime/7.52.0"}
2026-03-22 09:43:18 [WARN] API-GATEWAY: GET /api/userAuth/send-otp - 404 {"method":"GET","path":"/api/userAuth/send-otp","statusCode":404,"duration":"87ms","ip":"::1","userAgent":"PostmanRuntime/7.52.0"}
2026-03-22 09:43:53 [WARN] API-GATEWAY: GET /api/userAuth/send-otp - 404 {"method":"GET","path":"/api/userAuth/send-otp","statusCode":404,"duration":"39ms","ip":"::1","userAgent":"PostmanRuntime/7.52.0"}
2026-03-22 09:44:06 [WARN] API-GATEWAY: GET /api/userAuth/send-otp - 404 {"method":"GET","path":"/api/userAuth/send-otp","statusCode":404,"duration":"12ms","ip":"::1","userAgent":"PostmanRuntime/7.52.0"}
2026-03-22 09:48:51 [WARN] API-GATEWAY: GET /api/userAuth/send-otp - 404 {"method":"GET","path":"/api/userAuth/send-otp","statusCode":404,"duration":"25ms","ip":"::1","userAgent":"PostmanRuntime/7.52.0"}
2026-03-22 09:49:10 [WARN] API-GATEWAY: POST /api/userAuth/send-otp - 404 {"method":"POST","path":"/api/userAuth/send-otp","statusCode":404,"duration":"10ms","ip":"::1","userAgent":"PostmanRuntime/7.52.0"}
2026-03-22 09:50:51 [INFO] API-GATEWAY: POST /api/garageAuth/send-otp - 200 {"method":"POST","path":"/api/garageAuth/send-otp","statusCode":200,"duration":"1782ms","ip":"::1","userAgent":"PostmanRuntime/7.52.0"}
2026-03-22 09:51:14 [ERROR] API-GATEWAY: POST /api/garageAuth/verify-otp - 500 {"method":"POST","path":"/api/garageAuth/verify-otp","statusCode":500,"duration":"11ms","ip":"::1","userAgent":"PostmanRuntime/7.52.0"}
2026-03-22 09:51:27 [ERROR] API-GATEWAY: POST /api/garageAuth/verify-otp - 500 {"method":"POST","path":"/api/garageAuth/verify-otp","statusCode":500,"duration":"32ms","ip":"::1","userAgent":"PostmanRuntime/7.52.0"}
2026-03-22 09:52:42 [WARN] API-GATEWAY: POST /api/userAuth/verify-otp - 404 {"method":"POST","path":"/api/userAuth/verify-otp","statusCode":404,"duration":"19ms","ip":"::1","userAgent":"PostmanRuntime/7.52.0"}
2026-03-22 09:52:59 [WARN] API-GATEWAY: POST /api/userAuth/send-otp - 404 {"method":"POST","path":"/api/userAuth/send-otp","statusCode":404,"duration":"8ms","ip":"::1","userAgent":"PostmanRuntime/7.52.0"}
2026-03-22 09:53:56 [WARN] API-GATEWAY: POST /api/userAuth/send-otp - 404 {"method":"POST","path":"/api/userAuth/send-otp","statusCode":404,"duration":"6ms","ip":"::1","userAgent":"PostmanRuntime/7.52.0"}
2026-03-22 09:56:30 [WARN] API-GATEWAY: POST /api/userAuth/verify-otp - 404 {"method":"POST","path":"/api/userAuth/verify-otp","statusCode":404,"duration":"5ms","ip":"::1","userAgent":"PostmanRuntime/7.52.0"}
2026-03-22 09:59:31 [WARN] API-GATEWAY: POST /api/userAuth/verify-otp - 404 {"method":"POST","path":"/api/userAuth/verify-otp","statusCode":404,"duration":"34ms","ip":"::1","userAgent":"PostmanRuntime/7.52.0"}
2026-03-22 10:01:03 [ERROR] API-GATEWAY: POST /api/userAuth/verify-otp - 500 {"method":"POST","path":"/api/userAuth/verify-otp","statusCode":500,"duration":"39ms","ip":"::1","userAgent":"PostmanRuntime/7.52.0"}
2026-03-22 10:14:12 [ERROR] API-GATEWAY: POST /api/garageAuth/verify-otp - 500 {"method":"POST","path":"/api/garageAuth/verify-otp","statusCode":500,"duration":"39ms","ip":"::1","userAgent":"PostmanRuntime/7.52.0"}
2026-03-22 10:14:51 [WARN] API-GATEWAY: Missing or invalid authorization header {"path":"/verify-otp"}
2026-03-22 10:14:51 [WARN] API-GATEWAY: POST /api/user/verify-otp - 401 {"method":"POST","path":"/api/user/verify-otp","statusCode":401,"duration":"24ms","ip":"::1","userAgent":"PostmanRuntime/7.52.0"}
2026-03-22 10:15:16 [WARN] API-GATEWAY: Missing or invalid authorization header {"path":"/69be7665de2e39994fb50eab"}
2026-03-22 10:15:16 [WARN] API-GATEWAY: POST /api/user/69be7665de2e39994fb50eab - 401 {"method":"POST","path":"/api/user/69be7665de2e39994fb50eab","statusCode":401,"duration":"23ms","ip":"::1","userAgent":"PostmanRuntime/7.52.0"}
2026-03-22 10:15:27 [WARN] API-GATEWAY: Missing or invalid authorization header {"path":"/69be7665de2e39994fb50eab"}
2026-03-22 10:15:27 [WARN] API-GATEWAY: GET /api/user/69be7665de2e39994fb50eab - 401 {"method":"GET","path":"/api/user/69be7665de2e39994fb50eab","statusCode":401,"duration":"3ms","ip":"::1","userAgent":"PostmanRuntime/7.52.0"}
2026-03-22 10:16:14 [WARN] API-GATEWAY: Missing or invalid authorization header {"path":"/69be7665de2e39994fb50eab"}
2026-03-22 10:16:14 [WARN] API-GATEWAY: GET /api/user/69be7665de2e39994fb50eab - 401 {"method":"GET","path":"/api/user/69be7665de2e39994fb50eab","statusCode":401,"duration":"24ms","ip":"::1","userAgent":"PostmanRuntime/7.52.0"}
2026-03-22 10:16:31 [WARN] API-GATEWAY: Missing or invalid authorization header {"path":"/"}
2026-03-22 10:16:31 [WARN] API-GATEWAY: GET /api/user/ - 401 {"method":"GET","path":"/api/user/","statusCode":401,"duration":"5ms","ip":"::1","userAgent":"PostmanRuntime/7.52.0"}
2026-03-22 10:16:39 [WARN] API-GATEWAY: JWT verification failed: jwt expired {"path":"/"}
2026-03-22 10:16:39 [WARN] API-GATEWAY: GET /api/user/ - 401 {"method":"GET","path":"/api/user/","statusCode":401,"duration":"11ms","ip":"::1","userAgent":"PostmanRuntime/7.52.0"}
2026-03-22 10:19:53 [WARN] API-GATEWAY: JWT verification failed: jwt expired {"path":"/"}
2026-03-22 10:19:53 [WARN] API-GATEWAY: GET /api/user/ - 401 {"method":"GET","path":"/api/user/","statusCode":401,"duration":"5ms","ip":"::1","userAgent":"PostmanRuntime/7.52.0"}
2026-03-22 10:20:20 [INFO] API-GATEWAY: GET /api/user/ - 200 {"method":"GET","path":"/api/user/","statusCode":200,"duration":"70ms","ip":"::1","userAgent":"PostmanRuntime/7.52.0"}
2026-03-22 10:20:36 [WARN] API-GATEWAY: JWT verification failed: jwt expired {"path":"/"}
2026-03-22 10:20:36 [WARN] API-GATEWAY: GET /api/user/ - 401 {"method":"GET","path":"/api/user/","statusCode":401,"duration":"59ms","ip":"::1","userAgent":"PostmanRuntime/7.52.0"}
2026-03-22 10:20:39 [WARN] API-GATEWAY: JWT verification failed: jwt expired {"path":"/"}
2026-03-22 10:20:39 [WARN] API-GATEWAY: GET /api/user/ - 401 {"method":"GET","path":"/api/user/","statusCode":401,"duration":"4ms","ip":"::1","userAgent":"PostmanRuntime/7.52.0"}
2026-03-22 10:20:40 [WARN] API-GATEWAY: JWT verification failed: jwt expired {"path":"/"}
2026-03-22 10:20:40 [WARN] API-GATEWAY: GET /api/user/ - 401 {"method":"GET","path":"/api/user/","statusCode":401,"duration":"4ms","ip":"::1","userAgent":"PostmanRuntime/7.52.0"}
2026-03-22 10:20:41 [WARN] API-GATEWAY: JWT verification failed: jwt expired {"path":"/"}
2026-03-22 10:20:41 [WARN] API-GATEWAY: GET /api/user/ - 401 {"method":"GET","path":"/api/user/","statusCode":401,"duration":"4ms","ip":"::1","userAgent":"PostmanRuntime/7.52.0"}
2026-03-22 10:20:41 [WARN] API-GATEWAY: JWT verification failed: jwt expired {"path":"/"}
2026-03-22 10:20:41 [WARN] API-GATEWAY: GET /api/user/ - 401 {"method":"GET","path":"/api/user/","statusCode":401,"duration":"5ms","ip":"::1","userAgent":"PostmanRuntime/7.52.0"}
2026-03-22 10:20:42 [WARN] API-GATEWAY: JWT verification failed: jwt expired {"path":"/"}
2026-03-22 10:20:42 [WARN] API-GATEWAY: GET /api/user/ - 401 {"method":"GET","path":"/api/user/","statusCode":401,"duration":"5ms","ip":"::1","userAgent":"PostmanRuntime/7.52.0"}
2026-03-22 10:20:43 [WARN] API-GATEWAY: JWT verification failed: jwt expired {"path":"/"}
2026-03-22 10:20:43 [WARN] API-GATEWAY: GET /api/user/ - 401 {"method":"GET","path":"/api/user/","statusCode":401,"duration":"4ms","ip":"::1","userAgent":"PostmanRuntime/7.52.0"}
2026-03-22 10:20:43 [WARN] API-GATEWAY: JWT verification failed: jwt expired {"path":"/"}
2026-03-22 10:20:43 [WARN] API-GATEWAY: GET /api/user/ - 401 {"method":"GET","path":"/api/user/","statusCode":401,"duration":"5ms","ip":"::1","userAgent":"PostmanRuntime/7.52.0"}
2026-03-22 10:20:44 [WARN] API-GATEWAY: GET /api/user/ - 429 {"method":"GET","path":"/api/user/","statusCode":429,"duration":"1ms","ip":"::1","userAgent":"PostmanRuntime/7.52.0"}
2026-03-22 10:20:45 [WARN] API-GATEWAY: GET /api/user/ - 429 {"method":"GET","path":"/api/user/","statusCode":429,"duration":"2ms","ip":"::1","userAgent":"PostmanRuntime/7.52.0"}
2026-03-22 10:52:13 [WARN] API-GATEWAY: JWT verification failed: jwt expired {"path":"/"}
2026-03-22 10:52:13 [WARN] API-GATEWAY: GET /api/garage/ - 401 {"method":"GET","path":"/api/garage/","statusCode":401,"duration":"25ms","ip":"::1","userAgent":"PostmanRuntime/7.52.0"}
2026-03-22 10:52:27 [INFO] API-GATEWAY: GET /api/garage/ - 200 {"method":"GET","path":"/api/garage/","statusCode":200,"duration":"54ms","ip":"::1","userAgent":"PostmanRuntime/7.52.0"}
2026-03-22 15:25:44 [WARN] API-GATEWAY: JWT verification failed: jwt expired {"path":"/"}
2026-03-22 15:25:44 [WARN] API-GATEWAY: GET /api/garage/ - 401 {"method":"GET","path":"/api/garage/","statusCode":401,"duration":"32ms","ip":"::1","userAgent":"PostmanRuntime/7.52.0"}
2026-03-22 15:25:53 [WARN] API-GATEWAY: JWT verification failed: jwt expired {"path":"/"}
2026-03-22 15:25:53 [WARN] API-GATEWAY: GET /api/user/ - 401 {"method":"GET","path":"/api/user/","statusCode":401,"duration":"6ms","ip":"::1","userAgent":"PostmanRuntime/7.52.0"}
2026-03-22 15:26:18 [INFO] API-GATEWAY: POST /api/userAuth/send-otp - 200 {"method":"POST","path":"/api/userAuth/send-otp","statusCode":200,"duration":"1452ms","ip":"::1","userAgent":"PostmanRuntime/7.52.0"}
2026-03-22 15:26:52 [INFO] API-GATEWAY: POST /api/userAuth/verify-otp - 200 {"method":"POST","path":"/api/userAuth/verify-otp","statusCode":200,"duration":"129ms","ip":"::1","userAgent":"PostmanRuntime/7.52.0"}
2026-03-22 15:32:38 [ERROR] API-GATEWAY: PATCH /api/user/69bfb960c3502edea193355b - 500 {"method":"PATCH","path":"/api/user/69bfb960c3502edea193355b","statusCode":500,"duration":"16ms","ip":"::1","userAgent":"PostmanRuntime/7.52.0"}
2026-03-22 15:33:32 [INFO] API-GATEWAY: GET /api/user/69bfb960c3502edea193355b - 200 {"method":"GET","path":"/api/user/69bfb960c3502edea193355b","statusCode":200,"duration":"32ms","ip":"::1","userAgent":"PostmanRuntime/7.52.0"}
2026-03-22 15:33:50 [ERROR] API-GATEWAY: PATCH /api/user/69bfb960c3502edea193355b - 500 {"method":"PATCH","path":"/api/user/69bfb960c3502edea193355b","statusCode":500,"duration":"8ms","ip":"::1","userAgent":"PostmanRuntime/7.52.0"}
2026-03-22 15:53:38 [WARN] API-GATEWAY: Missing or invalid authorization header {"path":"/69bfb960c3502edea193355b"}
2026-03-22 15:53:38 [WARN] API-GATEWAY: PATCH /api/user/69bfb960c3502edea193355b - 401 {"method":"PATCH","path":"/api/user/69bfb960c3502edea193355b","statusCode":401,"duration":"25ms","ip":"::1","userAgent":"PostmanRuntime/7.52.0"}
2026-03-22 15:55:05 [WARN] API-GATEWAY: PATCH /api/user/69bfb960c3502edea193355b - 403 {"method":"PATCH","path":"/api/user/69bfb960c3502edea193355b","statusCode":403,"duration":"81ms","ip":"::1","userAgent":"PostmanRuntime/7.52.0"}
2026-03-22 15:58:26 [WARN] API-GATEWAY: PATCH /api/user/69bfb960c3502edea193355b - 403 {"method":"PATCH","path":"/api/user/69bfb960c3502edea193355b","statusCode":403,"duration":"63ms","ip":"::1","userAgent":"PostmanRuntime/7.52.0"}
2026-03-22 16:01:58 [WARN] API-GATEWAY: PATCH /api/user/69bfb960c3502edea193355b - 403 {"method":"PATCH","path":"/api/user/69bfb960c3502edea193355b","statusCode":403,"duration":"37ms","ip":"::1","userAgent":"PostmanRuntime/7.52.0"}
2026-03-22 16:02:16 [WARN] API-GATEWAY: Missing or invalid authorization header {"path":"/69bfb960c3502edea193355b"}
2026-03-22 16:02:16 [WARN] API-GATEWAY: PATCH /api/user/69bfb960c3502edea193355b - 401 {"method":"PATCH","path":"/api/user/69bfb960c3502edea193355b","statusCode":401,"duration":"9ms","ip":"::1","userAgent":"PostmanRuntime/7.52.0"}
2026-03-22 16:03:20 [WARN] API-GATEWAY: PATCH /api/user/69bfb960c3502edea193355b - 403 {"method":"PATCH","path":"/api/user/69bfb960c3502edea193355b","statusCode":403,"duration":"12ms","ip":"::1","userAgent":"PostmanRuntime/7.52.0"}
2026-03-22 16:03:44 [WARN] API-GATEWAY: PATCH /api/user/69bfb960c3502edea193355b - 403 {"method":"PATCH","path":"/api/user/69bfb960c3502edea193355b","statusCode":403,"duration":"34ms","ip":"::1","userAgent":"PostmanRuntime/7.52.0"}
2026-03-22 16:07:56 [INFO] API-GATEWAY: POST /api/userAuth/send-otp - 200 {"method":"POST","path":"/api/userAuth/send-otp","statusCode":200,"duration":"1578ms","ip":"::1","userAgent":"PostmanRuntime/7.52.0"}
2026-03-22 16:08:18 [INFO] API-GATEWAY: POST /api/userAuth/verify-otp - 200 {"method":"POST","path":"/api/userAuth/verify-otp","statusCode":200,"duration":"86ms","ip":"::1","userAgent":"PostmanRuntime/7.52.0"}
2026-03-22 16:09:36 [WARN] API-GATEWAY: POST /api/user/69bfc31618562974dabfb964 - 404 {"method":"POST","path":"/api/user/69bfc31618562974dabfb964","statusCode":404,"duration":"11ms","ip":"::1","userAgent":"PostmanRuntime/7.52.0"}
2026-03-22 16:09:42 [WARN] API-GATEWAY: PATCH /api/user/69bfc31618562974dabfb964 - 403 {"method":"PATCH","path":"/api/user/69bfc31618562974dabfb964","statusCode":403,"duration":"10ms","ip":"::1","userAgent":"PostmanRuntime/7.52.0"}
2026-03-22 16:56:12 [WARN] API-GATEWAY: PATCH /api/user/69bfc31618562974dabfb964 - 403 {"method":"PATCH","path":"/api/user/69bfc31618562974dabfb964","statusCode":403,"duration":"33ms","ip":"::1","userAgent":"PostmanRuntime/7.52.0"}
2026-03-22 16:56:54 [INFO] API-GATEWAY: POST /api/userAuth/send-otp - 200 {"method":"POST","path":"/api/userAuth/send-otp","statusCode":200,"duration":"1211ms","ip":"::1","userAgent":"PostmanRuntime/7.52.0"}
2026-03-22 16:57:18 [INFO] API-GATEWAY: POST /api/userAuth/verify-otp - 200 {"method":"POST","path":"/api/userAuth/verify-otp","statusCode":200,"duration":"30ms","ip":"::1","userAgent":"PostmanRuntime/7.52.0"}
2026-03-22 16:59:10 [WARN] API-GATEWAY: POST /api/user/69bfce9218562974dabfb967 - 404 {"method":"POST","path":"/api/user/69bfce9218562974dabfb967","statusCode":404,"duration":"9ms","ip":"::1","userAgent":"PostmanRuntime/7.52.0"}
2026-03-22 16:59:16 [INFO] API-GATEWAY: PATCH /api/user/69bfce9218562974dabfb967 - 200 {"method":"PATCH","path":"/api/user/69bfce9218562974dabfb967","statusCode":200,"duration":"29ms","ip":"::1","userAgent":"PostmanRuntime/7.52.0"}
2026-03-22 17:07:35 [ERROR] API-GATEWAY: POST /api/userAuth/login - 500 {"method":"POST","path":"/api/userAuth/login","statusCode":500,"duration":"43ms","ip":"::1","userAgent":"PostmanRuntime/7.52.0"}
2026-03-22 17:08:08 [INFO] API-GATEWAY: POST /api/userAuth/login - 200 {"method":"POST","path":"/api/userAuth/login","statusCode":200,"duration":"86ms","ip":"::1","userAgent":"PostmanRuntime/7.52.0"}
2026-03-22 17:08:31 [WARN] API-GATEWAY: POST /api/user/69be7665de2e39994fb50eab - 404 {"method":"POST","path":"/api/user/69be7665de2e39994fb50eab","statusCode":404,"duration":"10ms","ip":"::1","userAgent":"PostmanRuntime/7.52.0"}
2026-03-22 17:09:07 [WARN] API-GATEWAY: PATCH /api/user/69be7665de2e39994fb50eab - 403 {"method":"PATCH","path":"/api/user/69be7665de2e39994fb50eab","statusCode":403,"duration":"6ms","ip":"::1","userAgent":"PostmanRuntime/7.52.0"}
2026-03-22 17:09:47 [INFO] API-GATEWAY: POST /api/userAuth/login - 200 {"method":"POST","path":"/api/userAuth/login","statusCode":200,"duration":"16ms","ip":"::1","userAgent":"PostmanRuntime/7.52.0"}
2026-03-22 17:10:33 [WARN] API-GATEWAY: JWT verification failed: invalid token {"path":"/69bfce9218562974dabfb967"}
2026-03-22 17:10:33 [WARN] API-GATEWAY: PATCH /api/user/69bfce9218562974dabfb967 - 403 {"method":"PATCH","path":"/api/user/69bfce9218562974dabfb967","statusCode":403,"duration":"3ms","ip":"::1","userAgent":"PostmanRuntime/7.52.0"}
2026-03-22 17:11:28 [WARN] API-GATEWAY: JWT verification failed: invalid token {"path":"/69bfce9218562974dabfb967"}
2026-03-22 17:11:28 [WARN] API-GATEWAY: PATCH /api/user/69bfce9218562974dabfb967 - 403 {"method":"PATCH","path":"/api/user/69bfce9218562974dabfb967","statusCode":403,"duration":"8ms","ip":"::1","userAgent":"PostmanRuntime/7.52.0"}
2026-03-22 17:12:50 [INFO] API-GATEWAY: POST /api/userAuth/login - 200 {"method":"POST","path":"/api/userAuth/login","statusCode":200,"duration":"22ms","ip":"::1","userAgent":"PostmanRuntime/7.52.0"}
2026-03-22 17:13:52 [WARN] API-GATEWAY: POST /api/user/69bfce9218562974dabfb967 - 404 {"method":"POST","path":"/api/user/69bfce9218562974dabfb967","statusCode":404,"duration":"9ms","ip":"::1","userAgent":"PostmanRuntime/7.52.0"}
2026-03-22 17:13:57 [INFO] API-GATEWAY: PATCH /api/user/69bfce9218562974dabfb967 - 200 {"method":"PATCH","path":"/api/user/69bfce9218562974dabfb967","statusCode":200,"duration":"8ms","ip":"::1","userAgent":"PostmanRuntime/7.52.0"}
2026-03-22 17:56:01 [INFO] API-GATEWAY: POST /api/userAuth/send-otp - 200 {"method":"POST","path":"/api/userAuth/send-otp","statusCode":200,"duration":"872ms","ip":"::1","userAgent":"PostmanRuntime/7.52.0"}
2026-03-22 17:56:27 [INFO] API-GATEWAY: POST /api/userAuth/verify-otp - 200 {"method":"POST","path":"/api/userAuth/verify-otp","statusCode":200,"duration":"59ms","ip":"::1","userAgent":"PostmanRuntime/7.52.0"}
2026-03-22 17:57:30 [ERROR] API-GATEWAY: PATCH /api/user/69bfdc6fb35ae494bc3a5fb1 - 500 {"method":"PATCH","path":"/api/user/69bfdc6fb35ae494bc3a5fb1","statusCode":500,"duration":"9ms","ip":"::1","userAgent":"PostmanRuntime/7.52.0"}
2026-03-22 17:57:41 [ERROR] API-GATEWAY: PATCH /api/user/69bfdc6fb35ae494bc3a5fb1 - 500 {"method":"PATCH","path":"/api/user/69bfdc6fb35ae494bc3a5fb1","statusCode":500,"duration":"7ms","ip":"::1","userAgent":"PostmanRuntime/7.52.0"}
2026-03-22 17:57:56 [INFO] API-GATEWAY: PATCH /api/user/69bfdc6fb35ae494bc3a5fb1 - 200 {"method":"PATCH","path":"/api/user/69bfdc6fb35ae494bc3a5fb1","statusCode":200,"duration":"15ms","ip":"::1","userAgent":"PostmanRuntime/7.52.0"}
2026-03-22 18:02:10 [ERROR] API-GATEWAY: PATCH /api/user/69bfdc6fb35ae494bc3a5fb1 - 504 {"method":"PATCH","path":"/api/user/69bfdc6fb35ae494bc3a5fb1","statusCode":504,"duration":"5ms","ip":"::1","userAgent":"PostmanRuntime/7.52.0"}
2026-03-22 18:03:06 [ERROR] API-GATEWAY: PATCH /api/user/69bfdc6fb35ae494bc3a5fb1 - 500 {"method":"PATCH","path":"/api/user/69bfdc6fb35ae494bc3a5fb1","statusCode":500,"duration":"37ms","ip":"::1","userAgent":"PostmanRuntime/7.52.0"}
2026-03-22 18:03:16 [ERROR] API-GATEWAY: PATCH /api/user/69bfdc6fb35ae494bc3a5fb1 - 500 {"method":"PATCH","path":"/api/user/69bfdc6fb35ae494bc3a5fb1","statusCode":500,"duration":"9ms","ip":"::1","userAgent":"PostmanRuntime/7.52.0"}
2026-03-22 18:03:21 [ERROR] API-GATEWAY: PATCH /api/user/69bfdc6fb35ae494bc3a5fb1 - 500 {"method":"PATCH","path":"/api/user/69bfdc6fb35ae494bc3a5fb1","statusCode":500,"duration":"5ms","ip":"::1","userAgent":"PostmanRuntime/7.52.0"}
2026-03-22 18:03:38 [ERROR] API-GATEWAY: PATCH /api/user/69bfdc6fb35ae494bc3a5fb1 - 500 {"method":"PATCH","path":"/api/user/69bfdc6fb35ae494bc3a5fb1","statusCode":500,"duration":"6ms","ip":"::1","userAgent":"PostmanRuntime/7.52.0"}
2026-03-22 18:03:56 [ERROR] API-GATEWAY: PATCH /api/user/69bfdc6fb35ae494bc3a5fb1 - 500 {"method":"PATCH","path":"/api/user/69bfdc6fb35ae494bc3a5fb1","statusCode":500,"duration":"23ms","ip":"::1","userAgent":"PostmanRuntime/7.52.0"}
2026-03-22 18:04:10 [ERROR] API-GATEWAY: PATCH /api/user/69bfdc6fb35ae494bc3a5fb1 - 500 {"method":"PATCH","path":"/api/user/69bfdc6fb35ae494bc3a5fb1","statusCode":500,"duration":"20ms","ip":"::1","userAgent":"PostmanRuntime/7.52.0"}
2026-03-22 18:04:38 [ERROR] API-GATEWAY: PATCH /api/user/69bfdc6fb35ae494bc3a5fb1 - 500 {"method":"PATCH","path":"/api/user/69bfdc6fb35ae494bc3a5fb1","statusCode":500,"duration":"6ms","ip":"::1","userAgent":"PostmanRuntime/7.52.0"}
2026-03-22 18:04:49 [ERROR] API-GATEWAY: PATCH /api/user/69bfdc6fb35ae494bc3a5fb1 - 500 {"method":"PATCH","path":"/api/user/69bfdc6fb35ae494bc3a5fb1","statusCode":500,"duration":"6ms","ip":"::1","userAgent":"PostmanRuntime/7.52.0"}
2026-03-22 18:07:36 [ERROR] API-GATEWAY: PATCH /api/user/69bfdc6fb35ae494bc3a5fb1 - 500 {"method":"PATCH","path":"/api/user/69bfdc6fb35ae494bc3a5fb1","statusCode":500,"duration":"30ms","ip":"::1","userAgent":"PostmanRuntime/7.52.0"}
2026-03-22 18:08:28 [ERROR] API-GATEWAY: PATCH /api/user/69bfdc6fb35ae494bc3a5fb1 - 500 {"method":"PATCH","path":"/api/user/69bfdc6fb35ae494bc3a5fb1","statusCode":500,"duration":"6ms","ip":"::1","userAgent":"PostmanRuntime/7.52.0"}
2026-03-22 18:10:37 [ERROR] API-GATEWAY: PATCH /api/user/69bfdc6fb35ae494bc3a5fb1 - 500 {"method":"PATCH","path":"/api/user/69bfdc6fb35ae494bc3a5fb1","statusCode":500,"duration":"38ms","ip":"::1","userAgent":"PostmanRuntime/7.52.0"}
2026-03-22 18:10:48 [ERROR] API-GATEWAY: PATCH /api/user/69bfdc6fb35ae494bc3a5fb1 - 500 {"method":"PATCH","path":"/api/user/69bfdc6fb35ae494bc3a5fb1","statusCode":500,"duration":"28ms","ip":"::1","userAgent":"PostmanRuntime/7.52.0"}
2026-03-22 18:10:56 [ERROR] API-GATEWAY: PATCH /api/user/69bfdc6fb35ae494bc3a5fb1 - 500 {"method":"PATCH","path":"/api/user/69bfdc6fb35ae494bc3a5fb1","statusCode":500,"duration":"7ms","ip":"::1","userAgent":"PostmanRuntime/7.52.0"}
2026-03-22 18:12:25 [INFO] API-GATEWAY: PATCH /api/user/69bfdc6fb35ae494bc3a5fb1 - 200 {"method":"PATCH","path":"/api/user/69bfdc6fb35ae494bc3a5fb1","statusCode":200,"duration":"112ms","ip":"::1","userAgent":"PostmanRuntime/7.52.0"}
2026-03-22 18:12:43 [ERROR] API-GATEWAY: PATCH /api/user/69bfdc6fb35ae494bc3a5fb1 - 500 {"method":"PATCH","path":"/api/user/69bfdc6fb35ae494bc3a5fb1","statusCode":500,"duration":"5ms","ip":"::1","userAgent":"PostmanRuntime/7.52.0"}
2026-03-22 18:13:01 [INFO] API-GATEWAY: PATCH /api/user/69bfdc6fb35ae494bc3a5fb1 - 200 {"method":"PATCH","path":"/api/user/69bfdc6fb35ae494bc3a5fb1","statusCode":200,"duration":"95ms","ip":"::1","userAgent":"PostmanRuntime/7.52.0"}
2026-03-22 18:13:05 [ERROR] API-GATEWAY: PATCH /api/user/69bfdc6fb35ae494bc3a5fb1 - 500 {"method":"PATCH","path":"/api/user/69bfdc6fb35ae494bc3a5fb1","statusCode":500,"duration":"5ms","ip":"::1","userAgent":"PostmanRuntime/7.52.0"}
2026-03-22 18:13:13 [INFO] API-GATEWAY: PATCH /api/user/69bfdc6fb35ae494bc3a5fb1 - 200 {"method":"PATCH","path":"/api/user/69bfdc6fb35ae494bc3a5fb1","statusCode":200,"duration":"75ms","ip":"::1","userAgent":"PostmanRuntime/7.52.0"}
2026-03-22 18:13:48 [INFO] API-GATEWAY: POST /api/userAuth/login - 200 {"method":"POST","path":"/api/userAuth/login","statusCode":200,"duration":"95ms","ip":"::1","userAgent":"PostmanRuntime/7.52.0"}
2026-03-22 18:14:09 [INFO] API-GATEWAY: GET /api/user/ - 200 {"method":"GET","path":"/api/user/","statusCode":200,"duration":"8ms","ip":"::1","userAgent":"PostmanRuntime/7.52.0"}
2026-03-22 18:14:31 [INFO] API-GATEWAY: GET /api/user/ - 200 {"method":"GET","path":"/api/user/","statusCode":200,"duration":"7ms","ip":"::1","userAgent":"PostmanRuntime/7.52.0"}
2026-03-22 18:17:10 [ERROR] API-GATEWAY: PATCH /api/user/69bfdc6fb35ae494bc3a5fb1 - 500 {"method":"PATCH","path":"/api/user/69bfdc6fb35ae494bc3a5fb1","statusCode":500,"duration":"6ms","ip":"::1","userAgent":"PostmanRuntime/7.52.0"}
2026-03-22 18:17:20 [ERROR] API-GATEWAY: PATCH /api/user/69bfdc6fb35ae494bc3a5fb1 - 500 {"method":"PATCH","path":"/api/user/69bfdc6fb35ae494bc3a5fb1","statusCode":500,"duration":"7ms","ip":"::1","userAgent":"PostmanRuntime/7.52.0"}
2026-03-22 18:17:34 [ERROR] API-GATEWAY: PATCH /api/user/69bfdc6fb35ae494bc3a5fb1 - 500 {"method":"PATCH","path":"/api/user/69bfdc6fb35ae494bc3a5fb1","statusCode":500,"duration":"6ms","ip":"::1","userAgent":"PostmanRuntime/7.52.0"}
2026-03-22 18:17:56 [INFO] API-GATEWAY: PATCH /api/user/69bfdc6fb35ae494bc3a5fb1 - 200 {"method":"PATCH","path":"/api/user/69bfdc6fb35ae494bc3a5fb1","statusCode":200,"duration":"124ms","ip":"::1","userAgent":"PostmanRuntime/7.52.0"}
2026-03-24 15:47:26 [WARN] API-GATEWAY: JWT verification failed: jwt expired {"path":"/"}
2026-03-24 15:47:26 [WARN] API-GATEWAY: GET /api/user/ - 401 {"method":"GET","path":"/api/user/","statusCode":401,"duration":"34ms","ip":"::1","userAgent":"PostmanRuntime/7.52.0"}
2026-03-24 15:48:02 [INFO] API-GATEWAY: POST /api/userAuth/login - 200 {"method":"POST","path":"/api/userAuth/login","statusCode":200,"duration":"400ms","ip":"::1","userAgent":"PostmanRuntime/7.52.0"}
2026-03-24 15:48:35 [WARN] API-GATEWAY: POST /api/user/ - 400 {"method":"POST","path":"/api/user/","statusCode":400,"duration":"76ms","ip":"::1","userAgent":"PostmanRuntime/7.52.0"}
2026-03-24 15:48:46 [INFO] API-GATEWAY: GET /api/user/ - 200 {"method":"GET","path":"/api/user/","statusCode":200,"duration":"35ms","ip":"::1","userAgent":"PostmanRuntime/7.52.0"}
2026-03-24 15:49:09 [INFO] API-GATEWAY: GET /api/user/ - 200 {"method":"GET","path":"/api/user/","statusCode":200,"duration":"12ms","ip":"::1","userAgent":"PostmanRuntime/7.52.0"}
2026-03-24 15:49:12 [INFO] API-GATEWAY: GET /api/user/ - 200 {"method":"GET","path":"/api/user/","statusCode":200,"duration":"10ms","ip":"::1","userAgent":"PostmanRuntime/7.52.0"}
2026-03-24 15:49:14 [INFO] API-GATEWAY: GET /api/user/ - 200 {"method":"GET","path":"/api/user/","statusCode":200,"duration":"15ms","ip":"::1","userAgent":"PostmanRuntime/7.52.0"}
2026-04-07 15:30:16 [WARN] API-GATEWAY: JWT verification failed: jwt expired {"path":"/"}
2026-04-07 15:30:16 [WARN] API-GATEWAY: GET /api/user/ - 401 {"method":"GET","path":"/api/user/","statusCode":401,"duration":"49ms","ip":"::1","userAgent":"PostmanRuntime/7.52.0"}
2026-04-07 15:30:58 [WARN] API-GATEWAY: JWT verification failed: jwt expired {"path":"/login"}
2026-04-07 15:30:58 [WARN] API-GATEWAY: POST /api/user/login - 401 {"method":"POST","path":"/api/user/login","statusCode":401,"duration":"8ms","ip":"::1","userAgent":"PostmanRuntime/7.52.0"}
2026-04-07 15:31:13 [WARN] API-GATEWAY: JWT verification failed: jwt expired {"path":"/login"}
2026-04-07 15:31:13 [WARN] API-GATEWAY: POST /api/user/login - 401 {"method":"POST","path":"/api/user/login","statusCode":401,"duration":"5ms","ip":"::1","userAgent":"PostmanRuntime/7.52.0"}
2026-04-07 15:32:38 [WARN] API-GATEWAY: JWT verification failed: jwt expired {"path":"/login"}
2026-04-07 15:32:38 [WARN] API-GATEWAY: POST /api/user/login - 401 {"method":"POST","path":"/api/user/login","statusCode":401,"duration":"7ms","ip":"::1","userAgent":"PostmanRuntime/7.52.0"}
2026-04-07 15:33:30 [ERROR] API-GATEWAY: POST /api/userAuth/login - 500 {"method":"POST","path":"/api/userAuth/login","statusCode":500,"duration":"502ms","ip":"::1","userAgent":"PostmanRuntime/7.52.0"}
2026-04-07 15:33:48 [ERROR] API-GATEWAY: POST /api/userAuth/login - 500 {"method":"POST","path":"/api/userAuth/login","statusCode":500,"duration":"231ms","ip":"::1","userAgent":"PostmanRuntime/7.52.0"}
2026-04-07 15:33:55 [ERROR] API-GATEWAY: POST /api/userAuth/login - 500 {"method":"POST","path":"/api/userAuth/login","statusCode":500,"duration":"224ms","ip":"::1","userAgent":"PostmanRuntime/7.52.0"}
2026-04-07 15:34:09 [ERROR] API-GATEWAY: POST /api/userAuth/login - 500 {"method":"POST","path":"/api/userAuth/login","statusCode":500,"duration":"218ms","ip":"::1","userAgent":"PostmanRuntime/7.52.0"}
2026-04-07 15:34:51 [ERROR] API-GATEWAY: POST /api/userAuth/login - 500 {"method":"POST","path":"/api/userAuth/login","statusCode":500,"duration":"28ms","ip":"::1","userAgent":"PostmanRuntime/7.52.0"}
2026-04-07 15:35:51 [INFO] API-GATEWAY: POST /api/userAuth/login - 200 {"method":"POST","path":"/api/userAuth/login","statusCode":200,"duration":"77ms","ip":"::1","userAgent":"PostmanRuntime/7.52.0"}
2026-04-07 15:37:09 [INFO] API-GATEWAY: PATCH /api/user/69bfdc6fb35ae494bc3a5fb1 - 200 {"method":"PATCH","path":"/api/user/69bfdc6fb35ae494bc3a5fb1","statusCode":200,"duration":"39ms","ip":"::1","userAgent":"PostmanRuntime/7.52.0"}
2026-04-12 17:06:31 [WARN] API-GATEWAY: PATCH /api/userAuth/ - 404 {"method":"PATCH","path":"/api/userAuth/","statusCode":404,"duration":"105ms","ip":"::1","userAgent":"PostmanRuntime/7.53.0"}
2026-04-12 17:06:40 [WARN] API-GATEWAY: PATCH /api/userAuth/ - 404 {"method":"PATCH","path":"/api/userAuth/","statusCode":404,"duration":"14ms","ip":"::1","userAgent":"PostmanRuntime/7.53.0"}
2026-04-12 17:06:49 [WARN] API-GATEWAY: JWT verification failed: jwt expired {"path":"/"}
2026-04-12 17:06:49 [WARN] API-GATEWAY: GET /api/user/ - 401 {"method":"GET","path":"/api/user/","statusCode":401,"duration":"22ms","ip":"::1","userAgent":"PostmanRuntime/7.53.0"}
2026-04-12 17:06:58 [WARN] API-GATEWAY: JWT verification failed: jwt expired {"path":"/"}
2026-04-12 17:06:58 [WARN] API-GATEWAY: GET /api/user/ - 401 {"method":"GET","path":"/api/user/","statusCode":401,"duration":"5ms","ip":"::1","userAgent":"PostmanRuntime/7.53.0"}
2026-04-12 17:08:45 [WARN] API-GATEWAY: JWT verification failed: jwt expired {"path":"/"}
2026-04-12 17:08:45 [WARN] API-GATEWAY: GET /api/garage - 401 {"method":"GET","path":"/api/garage","statusCode":401,"duration":"5ms","ip":"::1","userAgent":"PostmanRuntime/7.53.0"}
2026-04-12 17:09:15 [WARN] API-GATEWAY: JWT verification failed: jwt expired {"path":"/69bba93176c6ea1b3b5fab9e"}
2026-04-12 17:09:15 [WARN] API-GATEWAY: GET /api/garage/69bba93176c6ea1b3b5fab9e - 401 {"method":"GET","path":"/api/garage/69bba93176c6ea1b3b5fab9e","statusCode":401,"duration":"6ms","ip":"::1","userAgent":"PostmanRuntime/7.53.0"}
2026-04-12 17:10:31 [WARN] API-GATEWAY: JWT verification failed: jwt expired {"path":"/69bba93176c6ea1b3b5fab9e"}
2026-04-12 17:10:31 [WARN] API-GATEWAY: GET /api/garage/69bba93176c6ea1b3b5fab9e - 401 {"method":"GET","path":"/api/garage/69bba93176c6ea1b3b5fab9e","statusCode":401,"duration":"7ms","ip":"::1","userAgent":"PostmanRuntime/7.53.0"}
2026-04-12 17:10:43 [WARN] API-GATEWAY: JWT verification failed: jwt expired {"path":"/"}
2026-04-12 17:10:43 [WARN] API-GATEWAY: GET /api/garage/ - 401 {"method":"GET","path":"/api/garage/","statusCode":401,"duration":"5ms","ip":"::1","userAgent":"PostmanRuntime/7.53.0"}
2026-04-12 17:11:04 [WARN] API-GATEWAY: GET /api/garageAuth/send-otp - 404 {"method":"GET","path":"/api/garageAuth/send-otp","statusCode":404,"duration":"11ms","ip":"::1","userAgent":"PostmanRuntime/7.53.0"}
2026-04-12 17:11:36 [INFO] API-GATEWAY: POST /api/garageAuth/send-otp - 200 {"method":"POST","path":"/api/garageAuth/send-otp","statusCode":200,"duration":"1856ms","ip":"::1","userAgent":"PostmanRuntime/7.53.0"}
2026-04-12 17:12:01 [INFO] API-GATEWAY: POST /api/garageAuth/send-otp - 200 {"method":"POST","path":"/api/garageAuth/send-otp","statusCode":200,"duration":"590ms","ip":"::1","userAgent":"PostmanRuntime/7.53.0"}
2026-04-12 17:13:27 [INFO] API-GATEWAY: POST /api/garageAuth/send-otp - 200 {"method":"POST","path":"/api/garageAuth/send-otp","statusCode":200,"duration":"949ms","ip":"::1","userAgent":"PostmanRuntime/7.53.0"}
2026-04-12 17:13:57 [ERROR] API-GATEWAY: POST /api/garageAuth/verify-otp - 500 {"method":"POST","path":"/api/garageAuth/verify-otp","statusCode":500,"duration":"50ms","ip":"::1","userAgent":"PostmanRuntime/7.53.0"}
2026-04-12 17:14:10 [ERROR] API-GATEWAY: POST /api/garageAuth/verify-otp - 500 {"method":"POST","path":"/api/garageAuth/verify-otp","statusCode":500,"duration":"13ms","ip":"::1","userAgent":"PostmanRuntime/7.53.0"}
2026-04-12 17:14:56 [INFO] API-GATEWAY: POST /api/garageAuth/send-otp - 200 {"method":"POST","path":"/api/garageAuth/send-otp","statusCode":200,"duration":"834ms","ip":"::1","userAgent":"PostmanRuntime/7.53.0"}
2026-04-12 17:15:18 [ERROR] API-GATEWAY: POST /api/garageAuth/verify-otp - 504 {"method":"POST","path":"/api/garageAuth/verify-otp","statusCode":504,"duration":"7ms","ip":"::1","userAgent":"PostmanRuntime/7.53.0"}
2026-04-12 17:15:48 [ERROR] API-GATEWAY: POST /api/garageAuth/verify-otp - 500 {"method":"POST","path":"/api/garageAuth/verify-otp","statusCode":500,"duration":"66ms","ip":"::1","userAgent":"PostmanRuntime/7.53.0"}
2026-04-12 17:16:00 [INFO] API-GATEWAY: POST /api/garageAuth/send-otp - 200 {"method":"POST","path":"/api/garageAuth/send-otp","statusCode":200,"duration":"1831ms","ip":"::1","userAgent":"PostmanRuntime/7.53.0"}
2026-04-12 17:17:01 [WARN] API-GATEWAY: JWT verification failed: jwt expired {"path":"/"}
2026-04-12 17:17:01 [WARN] API-GATEWAY: GET /api/garage - 401 {"method":"GET","path":"/api/garage","statusCode":401,"duration":"8ms","ip":"::1","userAgent":"PostmanRuntime/7.53.0"}
2026-04-12 17:17:37 [WARN] API-GATEWAY: POST /api/garageAuth/ - 404 {"method":"POST","path":"/api/garageAuth/","statusCode":404,"duration":"58ms","ip":"::1","userAgent":"PostmanRuntime/7.53.0"}
2026-04-12 17:18:03 [ERROR] API-GATEWAY: POST /api/garageAuth/login - 500 {"method":"POST","path":"/api/garageAuth/login","statusCode":500,"duration":"53ms","ip":"::1","userAgent":"PostmanRuntime/7.53.0"}
2026-04-12 17:19:12 [ERROR] API-GATEWAY: POST /api/garageAuth/login - 500 {"method":"POST","path":"/api/garageAuth/login","statusCode":500,"duration":"99ms","ip":"::1","userAgent":"PostmanRuntime/7.53.0"}
2026-04-12 17:20:04 [ERROR] API-GATEWAY: POST /api/garageAuth/login - 500 {"method":"POST","path":"/api/garageAuth/login","statusCode":500,"duration":"20ms","ip":"::1","userAgent":"PostmanRuntime/7.53.0"}
2026-04-12 17:20:18 [ERROR] API-GATEWAY: POST /api/garageAuth/login - 500 {"method":"POST","path":"/api/garageAuth/login","statusCode":500,"duration":"19ms","ip":"::1","userAgent":"PostmanRuntime/7.53.0"}
2026-04-12 17:20:51 [ERROR] API-GATEWAY: POST /api/garageAuth/login - 500 {"method":"POST","path":"/api/garageAuth/login","statusCode":500,"duration":"17ms","ip":"::1","userAgent":"PostmanRuntime/7.53.0"}
2026-04-12 17:23:48 [WARN] API-GATEWAY: POST / - 404 {"method":"POST","path":"/","statusCode":404,"duration":"15ms","ip":"::1","userAgent":"PostmanRuntime/7.53.0"}
2026-04-12 17:24:07 [WARN] API-GATEWAY: GET / - 404 {"method":"GET","path":"/","statusCode":404,"duration":"3ms","ip":"::1","userAgent":"PostmanRuntime/7.53.0"}
2026-04-12 17:24:20 [INFO] API-GATEWAY: GET /health - 200 {"method":"GET","path":"/health","statusCode":200,"duration":"4ms","ip":"::1","userAgent":"PostmanRuntime/7.53.0"}
2026-04-12 17:24:23 [INFO] API-GATEWAY: GET /health - 200 {"method":"GET","path":"/health","statusCode":200,"duration":"2ms","ip":"::1","userAgent":"PostmanRuntime/7.53.0"}
2026-04-12 17:24:23 [INFO] API-GATEWAY: GET /health - 200 {"method":"GET","path":"/health","statusCode":200,"duration":"2ms","ip":"::1","userAgent":"PostmanRuntime/7.53.0"}
2026-04-12 17:24:24 [INFO] API-GATEWAY: GET /health - 200 {"method":"GET","path":"/health","statusCode":200,"duration":"3ms","ip":"::1","userAgent":"PostmanRuntime/7.53.0"}
2026-04-12 17:24:25 [INFO] API-GATEWAY: GET /health - 200 {"method":"GET","path":"/health","statusCode":200,"duration":"3ms","ip":"::1","userAgent":"PostmanRuntime/7.53.0"}
2026-04-12 17:24:25 [INFO] API-GATEWAY: GET /health - 200 {"method":"GET","path":"/health","statusCode":200,"duration":"3ms","ip":"::1","userAgent":"PostmanRuntime/7.53.0"}
2026-04-12 17:24:26 [INFO] API-GATEWAY: GET /health - 200 {"method":"GET","path":"/health","statusCode":200,"duration":"2ms","ip":"::1","userAgent":"PostmanRuntime/7.53.0"}
2026-04-12 17:24:28 [INFO] API-GATEWAY: GET /health - 200 {"method":"GET","path":"/health","statusCode":200,"duration":"2ms","ip":"::1","userAgent":"PostmanRuntime/7.53.0"}
2026-04-12 17:24:29 [WARN] API-GATEWAY: GET /health - 429 {"method":"GET","path":"/health","statusCode":429,"duration":"12ms","ip":"::1","userAgent":"PostmanRuntime/7.53.0"}
2026-04-12 17:24:29 [WARN] API-GATEWAY: GET /health - 429 {"method":"GET","path":"/health","statusCode":429,"duration":"3ms","ip":"::1","userAgent":"PostmanRuntime/7.53.0"}
2026-04-12 17:33:50 [INFO] API-GATEWAY: GET /health - 200 {"method":"GET","path":"/health","statusCode":200,"duration":"13ms","ip":"127.0.0.1","userAgent":"Mozilla/5.0 (Windows NT 10.0; Win64; x64) AppleWebKit/537.36 (KHTML, like Gecko) Chrome/146.0.0.0 Safari/537.36 Edg/146.0.0.0"}
2026-04-12 17:33:51 [WARN] API-GATEWAY: GET /favicon.ico - 404 {"method":"GET","path":"/favicon.ico","statusCode":404,"duration":"5ms","ip":"127.0.0.1","userAgent":"Mozilla/5.0 (Windows NT 10.0; Win64; x64) AppleWebKit/537.36 (KHTML, like Gecko) Chrome/146.0.0.0 Safari/537.36 Edg/146.0.0.0"}
2026-04-12 17:34:12 [INFO] API-GATEWAY: GET /health - 200 {"method":"GET","path":"/health","statusCode":200,"duration":"4ms","ip":"192.168.31.166","userAgent":"Mozilla/5.0 (Windows NT 10.0; Win64; x64) AppleWebKit/537.36 (KHTML, like Gecko) Chrome/146.0.0.0 Safari/537.36 Edg/146.0.0.0"}
2026-04-12 17:34:46 [INFO] API-GATEWAY: GET /health?fbclid=IwY2xjawRIZipleHRuA2FlbQIxMQBzcnRjBmFwcF9pZAwzNTA2ODU1MzE3MjgAAR5fKqn_9gOy1YWnGjnis3ws-DjvsYGyFZIuK_lkT7OLbIST7Otwz6jyt2NuKg_aem_okdToUx3yV29Pxr3WctLrA - 200 {"method":"GET","path":"/health?fbclid=IwY2xjawRIZipleHRuA2FlbQIxMQBzcnRjBmFwcF9pZAwzNTA2ODU1MzE3MjgAAR5fKqn_9gOy1YWnGjnis3ws-DjvsYGyFZIuK_lkT7OLbIST7Otwz6jyt2NuKg_aem_okdToUx3yV29Pxr3WctLrA","statusCode":200,"duration":"7ms","ip":"192.168.31.199","userAgent":"Mozilla/5.0 (Linux; Android 16; motorola edge 50 pro Build/W1UM36H.52-73-10; wv) AppleWebKit/537.36 (KHTML, like Gecko) Version/4.0 Chrome/146.0.7680.178 Mobile Safari/537.36 [FB_IAB/FB4A;FBAV/555.0.0.56.66;]"}
2026-04-12 17:34:50 [INFO] API-GATEWAY: GET /health?fbclid=IwY2xjawRIZipleHRuA2FlbQIxMQBzcnRjBmFwcF9pZAwzNTA2ODU1MzE3MjgAAR5fKqn_9gOy1YWnGjnis3ws-DjvsYGyFZIuK_lkT7OLbIST7Otwz6jyt2NuKg_aem_okdToUx3yV29Pxr3WctLrA - 200 {"method":"GET","path":"/health?fbclid=IwY2xjawRIZipleHRuA2FlbQIxMQBzcnRjBmFwcF9pZAwzNTA2ODU1MzE3MjgAAR5fKqn_9gOy1YWnGjnis3ws-DjvsYGyFZIuK_lkT7OLbIST7Otwz6jyt2NuKg_aem_okdToUx3yV29Pxr3WctLrA","statusCode":200,"duration":"4ms","ip":"192.168.31.199","userAgent":"Mozilla/5.0 (Linux; Android 10; K) AppleWebKit/537.36 (KHTML, like Gecko) Chrome/146.0.0.0 Mobile Safari/537.36"}
2026-04-13 11:24:53 [WARN] API-GATEWAY: GET /api/garageAuth/send-otp - 404 {"method":"GET","path":"/api/garageAuth/send-otp","statusCode":404,"duration":"61ms","ip":"127.0.0.1","userAgent":"PostmanRuntime/7.53.0"}
2026-04-13 11:25:03 [ERROR] API-GATEWAY: POST /api/garageAuth/send-otp - 500 {"method":"POST","path":"/api/garageAuth/send-otp","statusCode":500,"duration":"1073ms","ip":"127.0.0.1","userAgent":"PostmanRuntime/7.53.0"}
2026-04-13 11:32:35 [ERROR] API-GATEWAY: POST /api/garageAuth/send-otp - 500 {"method":"POST","path":"/api/garageAuth/send-otp","statusCode":500,"duration":"788ms","ip":"127.0.0.1","userAgent":"PostmanRuntime/7.53.0"}
2026-04-13 11:32:49 [ERROR] API-GATEWAY: POST /api/garageAuth/send-otp - 500 {"method":"POST","path":"/api/garageAuth/send-otp","statusCode":500,"duration":"895ms","ip":"127.0.0.1","userAgent":"PostmanRuntime/7.53.0"}
2026-04-13 11:33:14 [ERROR] API-GATEWAY: POST /api/garageAuth/send-otp - 500 {"method":"POST","path":"/api/garageAuth/send-otp","statusCode":500,"duration":"646ms","ip":"127.0.0.1","userAgent":"PostmanRuntime/7.53.0"}
2026-04-13 11:40:13 [INFO] API-GATEWAY: POST /api/userAuth/send-otp - 200 {"method":"POST","path":"/api/userAuth/send-otp","statusCode":200,"duration":"23ms","ip":"127.0.0.1","userAgent":"PostmanRuntime/7.53.0"}
2026-04-13 11:40:31 [ERROR] API-GATEWAY: POST /api/userAuth/verify-otp - 500 {"method":"POST","path":"/api/userAuth/verify-otp","statusCode":500,"duration":"10ms","ip":"127.0.0.1","userAgent":"PostmanRuntime/7.53.0"}
2026-04-13 11:40:54 [WARN] API-GATEWAY: POST /api/userAuth/-otp - 404 {"method":"POST","path":"/api/userAuth/-otp","statusCode":404,"duration":"34ms","ip":"127.0.0.1","userAgent":"PostmanRuntime/7.53.0"}
2026-04-13 11:41:00 [INFO] API-GATEWAY: POST /api/userAuth/send-otp - 200 {"method":"POST","path":"/api/userAuth/send-otp","statusCode":200,"duration":"14ms","ip":"127.0.0.1","userAgent":"PostmanRuntime/7.53.0"}
2026-04-13 11:41:14 [INFO] API-GATEWAY: POST /api/userAuth/send-otp - 200 {"method":"POST","path":"/api/userAuth/send-otp","statusCode":200,"duration":"10ms","ip":"127.0.0.1","userAgent":"PostmanRuntime/7.53.0"}
2026-04-13 11:41:34 [INFO] API-GATEWAY: POST /api/userAuth/verify-otp - 200 {"method":"POST","path":"/api/userAuth/verify-otp","statusCode":200,"duration":"115ms","ip":"127.0.0.1","userAgent":"PostmanRuntime/7.53.0"}
2026-04-13 12:12:03 [WARN] API-GATEWAY: PATCH /api/userAuth/signup - 404 {"method":"PATCH","path":"/api/userAuth/signup","statusCode":404,"duration":"35ms","ip":"127.0.0.1","userAgent":"PostmanRuntime/7.53.0"}
2026-04-13 12:12:33 [INFO] API-GATEWAY: POST /api/userAuth/signup - 200 {"method":"POST","path":"/api/userAuth/signup","statusCode":200,"duration":"10ms","ip":"127.0.0.1","userAgent":"PostmanRuntime/7.53.0"}
2026-04-13 12:13:54 [INFO] API-GATEWAY: POST /api/userAuth/signup - 200 {"method":"POST","path":"/api/userAuth/signup","statusCode":200,"duration":"9ms","ip":"127.0.0.1","userAgent":"PostmanRuntime/7.53.0"}
2026-04-13 12:15:48 [INFO] API-GATEWAY: POST /api/userAuth/signup - 200 {"method":"POST","path":"/api/userAuth/signup","statusCode":200,"duration":"38ms","ip":"127.0.0.1","userAgent":"PostmanRuntime/7.53.0"}
2026-04-13 12:17:09 [INFO] API-GATEWAY: POST /api/userAuth/signup - 200 {"method":"POST","path":"/api/userAuth/signup","statusCode":200,"duration":"45ms","ip":"127.0.0.1","userAgent":"PostmanRuntime/7.53.0"}
2026-04-13 12:19:34 [INFO] API-GATEWAY: POST /api/userAuth/signup - 200 {"method":"POST","path":"/api/userAuth/signup","statusCode":200,"duration":"45ms","ip":"127.0.0.1","userAgent":"PostmanRuntime/7.53.0"}
2026-04-13 12:23:53 [INFO] API-GATEWAY: POST /api/userAuth/signup - 200 {"method":"POST","path":"/api/userAuth/signup","statusCode":200,"duration":"12ms","ip":"127.0.0.1","userAgent":"PostmanRuntime/7.53.0"}
2026-04-13 12:25:55 [INFO] API-GATEWAY: POST /api/userAuth/signup - 200 {"method":"POST","path":"/api/userAuth/signup","statusCode":200,"duration":"58ms","ip":"127.0.0.1","userAgent":"PostmanRuntime/7.53.0"}
2026-04-13 12:28:28 [ERROR] API-GATEWAY: POST /api/userAuth/signup - 500 {"method":"POST","path":"/api/userAuth/signup","statusCode":500,"duration":"51ms","ip":"127.0.0.1","userAgent":"PostmanRuntime/7.53.0"}
2026-04-13 12:29:46 [ERROR] API-GATEWAY: POST /api/userAuth/signup - 500 {"method":"POST","path":"/api/userAuth/signup","statusCode":500,"duration":"15ms","ip":"127.0.0.1","userAgent":"PostmanRuntime/7.53.0"}
2026-04-13 12:30:34 [ERROR] API-GATEWAY: POST /api/userAuth/signup - 500 {"method":"POST","path":"/api/userAuth/signup","statusCode":500,"duration":"139ms","ip":"127.0.0.1","userAgent":"PostmanRuntime/7.53.0"}
2026-04-13 12:30:46 [ERROR] API-GATEWAY: POST /api/userAuth/signup - 500 {"method":"POST","path":"/api/userAuth/signup","statusCode":500,"duration":"33ms","ip":"127.0.0.1","userAgent":"PostmanRuntime/7.53.0"}
2026-04-13 12:31:04 [ERROR] API-GATEWAY: POST /api/userAuth/signup - 500 {"method":"POST","path":"/api/userAuth/signup","statusCode":500,"duration":"32ms","ip":"127.0.0.1","userAgent":"PostmanRuntime/7.53.0"}
2026-04-13 12:31:58 [ERROR] API-GATEWAY: POST /api/userAuth/signup - 500 {"method":"POST","path":"/api/userAuth/signup","statusCode":500,"duration":"57ms","ip":"127.0.0.1","userAgent":"PostmanRuntime/7.53.0"}
2026-04-13 12:32:30 [INFO] API-GATEWAY: POST /api/userAuth/send-otp - 200 {"method":"POST","path":"/api/userAuth/send-otp","statusCode":200,"duration":"15ms","ip":"127.0.0.1","userAgent":"PostmanRuntime/7.53.0"}
2026-04-13 12:32:55 [ERROR] API-GATEWAY: POST /api/userAuth/verify-otp - 500 {"method":"POST","path":"/api/userAuth/verify-otp","statusCode":500,"duration":"11ms","ip":"127.0.0.1","userAgent":"PostmanRuntime/7.53.0"}
2026-04-13 12:33:05 [WARN] API-GATEWAY: POST /api/userAuth/verify-otp - 400 {"method":"POST","path":"/api/userAuth/verify-otp","statusCode":400,"duration":"103ms","ip":"127.0.0.1","userAgent":"PostmanRuntime/7.53.0"}
2026-04-13 12:33:38 [ERROR] API-GATEWAY: POST /api/userAuth/verify-otp - 500 {"method":"POST","path":"/api/userAuth/verify-otp","statusCode":500,"duration":"8ms","ip":"127.0.0.1","userAgent":"PostmanRuntime/7.53.0"}
2026-04-13 12:33:51 [ERROR] API-GATEWAY: POST /api/userAuth/verify-otp - 500 {"method":"POST","path":"/api/userAuth/verify-otp","statusCode":500,"duration":"9ms","ip":"127.0.0.1","userAgent":"PostmanRuntime/7.53.0"}
2026-04-13 12:33:58 [WARN] API-GATEWAY: POST /api/userAuth/semd-otp - 404 {"method":"POST","path":"/api/userAuth/semd-otp","statusCode":404,"duration":"6ms","ip":"127.0.0.1","userAgent":"PostmanRuntime/7.53.0"}
2026-04-13 12:34:02 [INFO] API-GATEWAY: POST /api/userAuth/send-otp - 200 {"method":"POST","path":"/api/userAuth/send-otp","statusCode":200,"duration":"7ms","ip":"127.0.0.1","userAgent":"PostmanRuntime/7.53.0"}
2026-04-13 12:34:18 [INFO] API-GATEWAY: POST /api/userAuth/send-otp - 200 {"method":"POST","path":"/api/userAuth/send-otp","statusCode":200,"duration":"8ms","ip":"127.0.0.1","userAgent":"PostmanRuntime/7.53.0"}
2026-04-13 12:34:25 [ERROR] API-GATEWAY: POST /api/userAuth/verify-otp - 500 {"method":"POST","path":"/api/userAuth/verify-otp","statusCode":500,"duration":"10ms","ip":"127.0.0.1","userAgent":"PostmanRuntime/7.53.0"}
2026-04-13 12:34:54 [ERROR] API-GATEWAY: POST /api/userAuth/verify-otp - 500 {"method":"POST","path":"/api/userAuth/verify-otp","statusCode":500,"duration":"8ms","ip":"127.0.0.1","userAgent":"PostmanRuntime/7.53.0"}
2026-04-13 12:36:01 [INFO] API-GATEWAY: POST /api/userAuth/send-otp - 200 {"method":"POST","path":"/api/userAuth/send-otp","statusCode":200,"duration":"8ms","ip":"127.0.0.1","userAgent":"PostmanRuntime/7.53.0"}
2026-04-13 12:36:21 [WARN] API-GATEWAY: POST /api/userAuth/verify-otp - 400 {"method":"POST","path":"/api/userAuth/verify-otp","statusCode":400,"duration":"25ms","ip":"127.0.0.1","userAgent":"PostmanRuntime/7.53.0"}
2026-04-13 12:37:56 [ERROR] API-GATEWAY: POST /api/userAuth/verify-otp - 500 {"method":"POST","path":"/api/userAuth/verify-otp","statusCode":500,"duration":"8ms","ip":"127.0.0.1","userAgent":"PostmanRuntime/7.53.0"}
2026-04-13 12:38:26 [INFO] API-GATEWAY: POST /api/userAuth/send-otp - 200 {"method":"POST","path":"/api/userAuth/send-otp","statusCode":200,"duration":"20ms","ip":"127.0.0.1","userAgent":"PostmanRuntime/7.53.0"}
2026-04-13 12:38:49 [INFO] API-GATEWAY: POST /api/userAuth/send-otp - 200 {"method":"POST","path":"/api/userAuth/send-otp","statusCode":200,"duration":"10ms","ip":"127.0.0.1","userAgent":"PostmanRuntime/7.53.0"}
2026-04-13 12:39:19 [WARN] API-GATEWAY: POST /api/userAuth/verify-otp - 400 {"method":"POST","path":"/api/userAuth/verify-otp","statusCode":400,"duration":"17ms","ip":"127.0.0.1","userAgent":"PostmanRuntime/7.53.0"}
2026-04-13 12:40:51 [ERROR] API-GATEWAY: POST /api/userAuth/verify-otp - 500 {"method":"POST","path":"/api/userAuth/verify-otp","statusCode":500,"duration":"38ms","ip":"127.0.0.1","userAgent":"PostmanRuntime/7.53.0"}
2026-04-13 12:40:59 [INFO] API-GATEWAY: POST /api/userAuth/send-otp - 200 {"method":"POST","path":"/api/userAuth/send-otp","statusCode":200,"duration":"9ms","ip":"127.0.0.1","userAgent":"PostmanRuntime/7.53.0"}
2026-04-13 12:41:21 [ERROR] API-GATEWAY: POST /api/userAuth/verify-otp - 500 {"method":"POST","path":"/api/userAuth/verify-otp","statusCode":500,"duration":"11ms","ip":"127.0.0.1","userAgent":"PostmanRuntime/7.53.0"}
2026-04-13 12:49:20 [ERROR] API-GATEWAY: POST /api/userAuth/send-otp - 500 {"method":"POST","path":"/api/userAuth/send-otp","statusCode":500,"duration":"1436ms","ip":"127.0.0.1","userAgent":"PostmanRuntime/7.53.0"}
2026-04-13 12:52:40 [ERROR] API-GATEWAY: POST /api/userAuth/send-otp - 500 {"method":"POST","path":"/api/userAuth/send-otp","statusCode":500,"duration":"1323ms","ip":"127.0.0.1","userAgent":"PostmanRuntime/7.53.0"}
2026-04-13 12:52:49 [WARN] API-GATEWAY: POST /api/userAuth/send-otp - 400 {"method":"POST","path":"/api/userAuth/send-otp","statusCode":400,"duration":"9ms","ip":"127.0.0.1","userAgent":"PostmanRuntime/7.53.0"}
2026-04-13 12:52:52 [ERROR] API-GATEWAY: POST /api/userAuth/send-otp - 500 {"method":"POST","path":"/api/userAuth/send-otp","statusCode":500,"duration":"592ms","ip":"127.0.0.1","userAgent":"PostmanRuntime/7.53.0"}
2026-04-13 12:53:31 [ERROR] API-GATEWAY: POST /api/userAuth/send-otp - 504 {"method":"POST","path":"/api/userAuth/send-otp","statusCode":504,"duration":"7ms","ip":"127.0.0.1","userAgent":"PostmanRuntime/7.53.0"}
2026-04-13 12:53:56 [ERROR] API-GATEWAY: POST /api/userAuth/send-otp - 500 {"method":"POST","path":"/api/userAuth/send-otp","statusCode":500,"duration":"1079ms","ip":"127.0.0.1","userAgent":"PostmanRuntime/7.53.0"}
2026-04-13 12:54:18 [INFO] API-GATEWAY: POST /api/userAuth/send-otp - 200 {"method":"POST","path":"/api/userAuth/send-otp","statusCode":200,"duration":"33ms","ip":"127.0.0.1","userAgent":"PostmanRuntime/7.53.0"}
2026-04-13 12:54:39 [ERROR] API-GATEWAY: POST /api/userAuth/verify-otp - 500 {"method":"POST","path":"/api/userAuth/verify-otp","statusCode":500,"duration":"17ms","ip":"127.0.0.1","userAgent":"PostmanRuntime/7.53.0"}
2026-04-13 12:54:54 [ERROR] API-GATEWAY: POST /api/userAuth/verify-otp - 500 {"method":"POST","path":"/api/userAuth/verify-otp","statusCode":500,"duration":"34ms","ip":"127.0.0.1","userAgent":"PostmanRuntime/7.53.0"}
2026-04-13 12:55:06 [INFO] API-GATEWAY: POST /api/userAuth/send-otp - 200 {"method":"POST","path":"/api/userAuth/send-otp","statusCode":200,"duration":"10ms","ip":"127.0.0.1","userAgent":"PostmanRuntime/7.53.0"}
2026-04-13 12:55:23 [ERROR] API-GATEWAY: POST /api/userAuth/verify-otp - 500 {"method":"POST","path":"/api/userAuth/verify-otp","statusCode":500,"duration":"10ms","ip":"127.0.0.1","userAgent":"PostmanRuntime/7.53.0"}
2026-04-13 12:55:34 [ERROR] API-GATEWAY: POST /api/userAuth/verify-otp - 500 {"method":"POST","path":"/api/userAuth/verify-otp","statusCode":500,"duration":"8ms","ip":"127.0.0.1","userAgent":"PostmanRuntime/7.53.0"}
2026-04-13 12:55:47 [INFO] API-GATEWAY: POST /api/userAuth/send-otp - 200 {"method":"POST","path":"/api/userAuth/send-otp","statusCode":200,"duration":"7ms","ip":"127.0.0.1","userAgent":"PostmanRuntime/7.53.0"}
2026-04-13 12:56:06 [ERROR] API-GATEWAY: POST /api/userAuth/verify-otp - 500 {"method":"POST","path":"/api/userAuth/verify-otp","statusCode":500,"duration":"10ms","ip":"127.0.0.1","userAgent":"PostmanRuntime/7.53.0"}
2026-04-13 12:57:22 [INFO] API-GATEWAY: POST /api/userAuth/send-otp - 200 {"method":"POST","path":"/api/userAuth/send-otp","statusCode":200,"duration":"33ms","ip":"127.0.0.1","userAgent":"PostmanRuntime/7.53.0"}
2026-04-13 12:57:38 [INFO] API-GATEWAY: POST /api/userAuth/verify-otp - 200 {"method":"POST","path":"/api/userAuth/verify-otp","statusCode":200,"duration":"11ms","ip":"127.0.0.1","userAgent":"PostmanRuntime/7.53.0"}
2026-04-13 13:05:27 [INFO] API-GATEWAY: POST /api/userAuth/send-otp - 200 {"method":"POST","path":"/api/userAuth/send-otp","statusCode":200,"duration":"28ms","ip":"127.0.0.1","userAgent":"PostmanRuntime/7.53.0"}
2026-04-13 13:05:45 [WARN] API-GATEWAY: POST /api/userAuth/verufy-otp - 404 {"method":"POST","path":"/api/userAuth/verufy-otp","statusCode":404,"duration":"9ms","ip":"127.0.0.1","userAgent":"PostmanRuntime/7.53.0"}
2026-04-13 13:05:49 [INFO] API-GATEWAY: POST /api/userAuth/verify-otp - 200 {"method":"POST","path":"/api/userAuth/verify-otp","statusCode":200,"duration":"121ms","ip":"127.0.0.1","userAgent":"PostmanRuntime/7.53.0"}
2026-04-13 13:23:48 [WARN] API-GATEWAY: PATCH /api/userAuth/complete-profile/69dc9951cc9529ac27a9d14b - 404 {"method":"PATCH","path":"/api/userAuth/complete-profile/69dc9951cc9529ac27a9d14b","statusCode":404,"duration":"39ms","ip":"127.0.0.1","userAgent":"PostmanRuntime/7.53.0"}
2026-04-13 13:23:55 [WARN] API-GATEWAY: PATCH /api/userAuth/complete-profile/69dc9951cc9529ac27a9d14b - 404 {"method":"PATCH","path":"/api/userAuth/complete-profile/69dc9951cc9529ac27a9d14b","statusCode":404,"duration":"52ms","ip":"127.0.0.1","userAgent":"PostmanRuntime/7.53.0"}
2026-04-13 13:25:06 [WARN] API-GATEWAY: PATCH /api/userAuth/complete-profile/69dc9951cc9529ac27a9d14b - 404 {"method":"PATCH","path":"/api/userAuth/complete-profile/69dc9951cc9529ac27a9d14b","statusCode":404,"duration":"44ms","ip":"127.0.0.1","userAgent":"PostmanRuntime/7.53.0"}
2026-04-13 13:27:12 [WARN] API-GATEWAY: PATCH /api/userAuth/complete-profile/69dc9951cc9529ac27a9d14b - 404 {"method":"PATCH","path":"/api/userAuth/complete-profile/69dc9951cc9529ac27a9d14b","statusCode":404,"duration":"52ms","ip":"127.0.0.1","userAgent":"PostmanRuntime/7.53.0"}
2026-04-13 13:28:36 [WARN] API-GATEWAY: PATCH /api/v1/userAuth/complete-profile/69dc9951cc9529ac27a9d14b - 404 {"method":"PATCH","path":"/api/v1/userAuth/complete-profile/69dc9951cc9529ac27a9d14b","statusCode":404,"duration":"6ms","ip":"127.0.0.1","userAgent":"PostmanRuntime/7.53.0"}
2026-04-13 13:29:46 [WARN] API-GATEWAY: PATCH /api/v1/userAuth/complete-profile/69dc9951cc9529ac27a9d14b - 404 {"method":"PATCH","path":"/api/v1/userAuth/complete-profile/69dc9951cc9529ac27a9d14b","statusCode":404,"duration":"4ms","ip":"127.0.0.1","userAgent":"PostmanRuntime/7.53.0"}
2026-04-13 13:30:04 [WARN] API-GATEWAY: PATCH /api/v1/userAuth/complete-profile/69dc9951cc9529ac27a9d14b - 404 {"method":"PATCH","path":"/api/v1/userAuth/complete-profile/69dc9951cc9529ac27a9d14b","statusCode":404,"duration":"3ms","ip":"127.0.0.1","userAgent":"PostmanRuntime/7.53.0"}
2026-04-13 13:30:16 [WARN] API-GATEWAY: PATCH /api/userAuth/complete-profile/69dc9951cc9529ac27a9d14b - 400 {"method":"PATCH","path":"/api/userAuth/complete-profile/69dc9951cc9529ac27a9d14b","statusCode":400,"duration":"84ms","ip":"127.0.0.1","userAgent":"PostmanRuntime/7.53.0"}
2026-04-13 13:30:39 [WARN] API-GATEWAY: PATCH /api/userAuth/complete-profile/69dc9951cc9529ac27a9d14b - 403 {"method":"PATCH","path":"/api/userAuth/complete-profile/69dc9951cc9529ac27a9d14b","statusCode":403,"duration":"113ms","ip":"127.0.0.1","userAgent":"PostmanRuntime/7.53.0"}
2026-04-13 13:30:47 [WARN] API-GATEWAY: PATCH /api/userAuth/complete-profile - 404 {"method":"PATCH","path":"/api/userAuth/complete-profile","statusCode":404,"duration":"7ms","ip":"127.0.0.1","userAgent":"PostmanRuntime/7.53.0"}
2026-04-13 13:30:55 [WARN] API-GATEWAY: PATCH /api/userAuth/complete-profile - 403 {"method":"PATCH","path":"/api/userAuth/complete-profile","statusCode":403,"duration":"121ms","ip":"127.0.0.1","userAgent":"PostmanRuntime/7.53.0"}
2026-04-13 13:31:01 [WARN] API-GATEWAY: PATCH /api/userAuth/complete-profile - 403 {"method":"PATCH","path":"/api/userAuth/complete-profile","statusCode":403,"duration":"84ms","ip":"127.0.0.1","userAgent":"PostmanRuntime/7.53.0"}
2026-04-13 13:31:03 [WARN] API-GATEWAY: PATCH /api/userAuth/complete-profile - 403 {"method":"PATCH","path":"/api/userAuth/complete-profile","statusCode":403,"duration":"107ms","ip":"127.0.0.1","userAgent":"PostmanRuntime/7.53.0"}
2026-04-13 13:31:04 [WARN] API-GATEWAY: PATCH /api/userAuth/complete-profile - 403 {"method":"PATCH","path":"/api/userAuth/complete-profile","statusCode":403,"duration":"89ms","ip":"127.0.0.1","userAgent":"PostmanRuntime/7.53.0"}
2026-04-13 13:31:05 [WARN] API-GATEWAY: PATCH /api/userAuth/complete-profile - 403 {"method":"PATCH","path":"/api/userAuth/complete-profile","statusCode":403,"duration":"96ms","ip":"127.0.0.1","userAgent":"PostmanRuntime/7.53.0"}
2026-04-13 13:31:06 [WARN] API-GATEWAY: PATCH /api/userAuth/complete-profile - 403 {"method":"PATCH","path":"/api/userAuth/complete-profile","statusCode":403,"duration":"98ms","ip":"127.0.0.1","userAgent":"PostmanRuntime/7.53.0"}
2026-04-13 13:31:07 [WARN] API-GATEWAY: PATCH /api/userAuth/complete-profile - 403 {"method":"PATCH","path":"/api/userAuth/complete-profile","statusCode":403,"duration":"95ms","ip":"127.0.0.1","userAgent":"PostmanRuntime/7.53.0"}
2026-04-13 13:31:07 [WARN] API-GATEWAY: PATCH /api/userAuth/complete-profile - 403 {"method":"PATCH","path":"/api/userAuth/complete-profile","statusCode":403,"duration":"128ms","ip":"127.0.0.1","userAgent":"PostmanRuntime/7.53.0"}
2026-04-13 13:31:08 [WARN] API-GATEWAY: PATCH /api/userAuth/complete-profile - 403 {"method":"PATCH","path":"/api/userAuth/complete-profile","statusCode":403,"duration":"98ms","ip":"127.0.0.1","userAgent":"PostmanRuntime/7.53.0"}
2026-04-13 13:31:09 [WARN] API-GATEWAY: PATCH /api/userAuth/complete-profile - 429 {"method":"PATCH","path":"/api/userAuth/complete-profile","statusCode":429,"duration":"3ms","ip":"127.0.0.1","userAgent":"PostmanRuntime/7.53.0"}
2026-04-13 13:31:10 [WARN] API-GATEWAY: PATCH /api/userAuth/complete-profile - 429 {"method":"PATCH","path":"/api/userAuth/complete-profile","statusCode":429,"duration":"3ms","ip":"127.0.0.1","userAgent":"PostmanRuntime/7.53.0"}
2026-04-13 13:32:26 [WARN] API-GATEWAY: PATCH /api/userAuth/complete-profile - 403 {"method":"PATCH","path":"/api/userAuth/complete-profile","statusCode":403,"duration":"125ms","ip":"127.0.0.1","userAgent":"PostmanRuntime/7.53.0"}
2026-04-13 13:32:43 [WARN] API-GATEWAY: PATCH /api/userAuth/complete-profile - 403 {"method":"PATCH","path":"/api/userAuth/complete-profile","statusCode":403,"duration":"161ms","ip":"127.0.0.1","userAgent":"PostmanRuntime/7.53.0"}
2026-04-13 13:33:11 [WARN] API-GATEWAY: PATCH /api/userAuth/complete-profile - 403 {"method":"PATCH","path":"/api/userAuth/complete-profile","statusCode":403,"duration":"146ms","ip":"127.0.0.1","userAgent":"PostmanRuntime/7.53.0"}
2026-04-13 13:33:40 [WARN] API-GATEWAY: PATCH /api/userAuth/complete-profile - 403 {"method":"PATCH","path":"/api/userAuth/complete-profile","statusCode":403,"duration":"126ms","ip":"127.0.0.1","userAgent":"PostmanRuntime/7.53.0"}
2026-04-13 13:34:57 [INFO] API-GATEWAY: PATCH /api/userAuth/complete-profile - 200 {"method":"PATCH","path":"/api/userAuth/complete-profile","statusCode":200,"duration":"310ms","ip":"127.0.0.1","userAgent":"PostmanRuntime/7.53.0"}
2026-04-13 13:38:20 [INFO] API-GATEWAY: PATCH /api/user/69dc9951cc9529ac27a9d14b - 200 {"method":"PATCH","path":"/api/user/69dc9951cc9529ac27a9d14b","statusCode":200,"duration":"46ms","ip":"127.0.0.1","userAgent":"PostmanRuntime/7.53.0"}
2026-04-13 13:40:02 [INFO] API-GATEWAY: PATCH /api/userAuth/complete-profile - 200 {"method":"PATCH","path":"/api/userAuth/complete-profile","statusCode":200,"duration":"35ms","ip":"127.0.0.1","userAgent":"PostmanRuntime/7.53.0"}
2026-04-13 13:40:40 [INFO] API-GATEWAY: PATCH /api/userAuth/complete-profile - 200 {"method":"PATCH","path":"/api/userAuth/complete-profile","statusCode":200,"duration":"8ms","ip":"127.0.0.1","userAgent":"PostmanRuntime/7.53.0"}
2026-04-13 13:40:49 [INFO] API-GATEWAY: PATCH /api/userAuth/complete-profile - 200 {"method":"PATCH","path":"/api/userAuth/complete-profile","statusCode":200,"duration":"8ms","ip":"127.0.0.1","userAgent":"PostmanRuntime/7.53.0"}
2026-04-13 13:44:38 [INFO] API-GATEWAY: PATCH /api/user/69dc9951cc9529ac27a9d14b - 200 {"method":"PATCH","path":"/api/user/69dc9951cc9529ac27a9d14b","statusCode":200,"duration":"12ms","ip":"127.0.0.1","userAgent":"PostmanRuntime/7.53.0"}
2026-04-13 13:45:50 [INFO] API-GATEWAY: PATCH /api/userAuth/complete-profile - 200 {"method":"PATCH","path":"/api/userAuth/complete-profile","statusCode":200,"duration":"74ms","ip":"127.0.0.1","userAgent":"PostmanRuntime/7.53.0"}
2026-04-13 13:48:02 [INFO] API-GATEWAY: PATCH /api/userAuth/complete-profile - 200 {"method":"PATCH","path":"/api/userAuth/complete-profile","statusCode":200,"duration":"34ms","ip":"127.0.0.1","userAgent":"PostmanRuntime/7.53.0"}
2026-04-13 13:48:32 [WARN] API-GATEWAY: PATCH /api/user/ - 404 {"method":"PATCH","path":"/api/user/","statusCode":404,"duration":"8ms","ip":"127.0.0.1","userAgent":"PostmanRuntime/7.53.0"}
2026-04-13 13:48:37 [INFO] API-GATEWAY: PATCH /api/user/69dc9951cc9529ac27a9d14b - 200 {"method":"PATCH","path":"/api/user/69dc9951cc9529ac27a9d14b","statusCode":200,"duration":"11ms","ip":"127.0.0.1","userAgent":"PostmanRuntime/7.53.0"}
2026-04-13 13:48:42 [INFO] API-GATEWAY: GET /api/user/69dc9951cc9529ac27a9d14b - 200 {"method":"GET","path":"/api/user/69dc9951cc9529ac27a9d14b","statusCode":200,"duration":"9ms","ip":"127.0.0.1","userAgent":"PostmanRuntime/7.53.0"}
2026-04-13 13:50:34 [INFO] API-GATEWAY: PATCH /api/userAuth/complete-profile - 200 {"method":"PATCH","path":"/api/userAuth/complete-profile","statusCode":200,"duration":"11ms","ip":"127.0.0.1","userAgent":"PostmanRuntime/7.53.0"}
2026-04-13 13:50:41 [INFO] API-GATEWAY: PATCH /api/userAuth/complete-profile - 200 {"method":"PATCH","path":"/api/userAuth/complete-profile","statusCode":200,"duration":"7ms","ip":"127.0.0.1","userAgent":"PostmanRuntime/7.53.0"}
2026-04-13 13:51:13 [INFO] API-GATEWAY: PATCH /api/userAuth/complete-profile - 200 {"method":"PATCH","path":"/api/userAuth/complete-profile","statusCode":200,"duration":"38ms","ip":"127.0.0.1","userAgent":"PostmanRuntime/7.53.0"}
2026-04-13 13:52:25 [INFO] API-GATEWAY: PATCH /api/userAuth/complete-profile - 200 {"method":"PATCH","path":"/api/userAuth/complete-profile","statusCode":200,"duration":"14ms","ip":"127.0.0.1","userAgent":"PostmanRuntime/7.53.0"}
2026-04-13 13:54:15 [INFO] API-GATEWAY: PATCH /api/userAuth/complete-profile - 200 {"method":"PATCH","path":"/api/userAuth/complete-profile","statusCode":200,"duration":"56ms","ip":"127.0.0.1","userAgent":"PostmanRuntime/7.53.0"}
2026-04-13 13:56:50 [INFO] API-GATEWAY: PATCH /api/userAuth/complete-profile - 200 {"method":"PATCH","path":"/api/userAuth/complete-profile","statusCode":200,"duration":"136ms","ip":"127.0.0.1","userAgent":"PostmanRuntime/7.53.0"}
2026-04-13 13:57:12 [INFO] API-GATEWAY: PATCH /api/userAuth/complete-profile - 200 {"method":"PATCH","path":"/api/userAuth/complete-profile","statusCode":200,"duration":"167ms","ip":"127.0.0.1","userAgent":"PostmanRuntime/7.53.0"}
2026-04-13 13:57:37 [INFO] API-GATEWAY: PATCH /api/userAuth/complete-profile - 200 {"method":"PATCH","path":"/api/userAuth/complete-profile","statusCode":200,"duration":"357ms","ip":"127.0.0.1","userAgent":"PostmanRuntime/7.53.0"}
2026-04-13 13:59:26 [INFO] API-GATEWAY: PATCH /api/userAuth/complete-profile - 200 {"method":"PATCH","path":"/api/userAuth/complete-profile","statusCode":200,"duration":"175ms","ip":"127.0.0.1","userAgent":"PostmanRuntime/7.53.0"}
2026-04-13 14:00:36 [INFO] API-GATEWAY: PATCH /api/userAuth/complete-profile - 200 {"method":"PATCH","path":"/api/userAuth/complete-profile","statusCode":200,"duration":"139ms","ip":"127.0.0.1","userAgent":"PostmanRuntime/7.53.0"}
2026-04-13 14:02:26 [INFO] API-GATEWAY: PATCH /api/userAuth/complete-profile - 200 {"method":"PATCH","path":"/api/userAuth/complete-profile","statusCode":200,"duration":"395ms","ip":"127.0.0.1","userAgent":"PostmanRuntime/7.53.0"}
2026-04-13 14:07:00 [INFO] API-GATEWAY: PATCH /api/userAuth/complete-profile - 200 {"method":"PATCH","path":"/api/userAuth/complete-profile","statusCode":200,"duration":"292ms","ip":"127.0.0.1","userAgent":"PostmanRuntime/7.53.0"}
2026-04-13 14:10:39 [ERROR] API-GATEWAY: PATCH /api/userAuth/complete-profile - 500 {"method":"PATCH","path":"/api/userAuth/complete-profile","statusCode":500,"duration":"45ms","ip":"127.0.0.1","userAgent":"PostmanRuntime/7.53.0"}
2026-04-13 14:11:53 [ERROR] API-GATEWAY: PATCH /api/userAuth/complete-profile - 500 {"method":"PATCH","path":"/api/userAuth/complete-profile","statusCode":500,"duration":"219ms","ip":"127.0.0.1","userAgent":"PostmanRuntime/7.53.0"}
2026-04-13 14:12:34 [ERROR] API-GATEWAY: PATCH /api/userAuth/complete-profile - 500 {"method":"PATCH","path":"/api/userAuth/complete-profile","statusCode":500,"duration":"8ms","ip":"127.0.0.1","userAgent":"PostmanRuntime/7.53.0"}
2026-04-13 14:12:40 [ERROR] API-GATEWAY: PATCH /api/userAuth/complete-profile - 500 {"method":"PATCH","path":"/api/userAuth/complete-profile","statusCode":500,"duration":"8ms","ip":"127.0.0.1","userAgent":"PostmanRuntime/7.53.0"}
2026-04-13 14:12:55 [ERROR] API-GATEWAY: PATCH /api/userAuth/complete-profile - 500 {"method":"PATCH","path":"/api/userAuth/complete-profile","statusCode":500,"duration":"9ms","ip":"127.0.0.1","userAgent":"PostmanRuntime/7.53.0"}
2026-04-13 14:13:21 [ERROR] API-GATEWAY: PATCH /api/userAuth/complete-profile - 500 {"method":"PATCH","path":"/api/userAuth/complete-profile","statusCode":500,"duration":"229ms","ip":"127.0.0.1","userAgent":"PostmanRuntime/7.53.0"}
2026-04-13 14:13:39 [ERROR] API-GATEWAY: PATCH /api/userAuth/complete-profile - 500 {"method":"PATCH","path":"/api/userAuth/complete-profile","statusCode":500,"duration":"149ms","ip":"127.0.0.1","userAgent":"PostmanRuntime/7.53.0"}
2026-04-13 14:14:39 [ERROR] API-GATEWAY: PATCH /api/userAuth/complete-profile - 500 {"method":"PATCH","path":"/api/userAuth/complete-profile","statusCode":500,"duration":"125ms","ip":"127.0.0.1","userAgent":"PostmanRuntime/7.53.0"}
2026-04-13 15:38:35 [WARN] API-GATEWAY: PATCH /api/user/ - 404 {"method":"PATCH","path":"/api/user/","statusCode":404,"duration":"48ms","ip":"127.0.0.1","userAgent":"PostmanRuntime/7.53.0"}
2026-04-13 15:45:41 [WARN] API-GATEWAY: GET /api/userAuth/send-otp - 404 {"method":"GET","path":"/api/userAuth/send-otp","statusCode":404,"duration":"69ms","ip":"192.168.1.57","userAgent":"PostmanRuntime/7.53.0"}
2026-04-13 15:46:41 [INFO] API-GATEWAY: POST /api/userAuth/send-otp - 200 {"method":"POST","path":"/api/userAuth/send-otp","statusCode":200,"duration":"11ms","ip":"192.168.1.57","userAgent":"PostmanRuntime/7.53.0"}
2026-04-13 15:47:14 [WARN] API-GATEWAY: POST /api/userAuth/veify-otp - 404 {"method":"POST","path":"/api/userAuth/veify-otp","statusCode":404,"duration":"9ms","ip":"192.168.1.57","userAgent":"PostmanRuntime/7.53.0"}
2026-04-13 15:47:19 [WARN] API-GATEWAY: POST /api/userAuth/veify-otp - 404 {"method":"POST","path":"/api/userAuth/veify-otp","statusCode":404,"duration":"7ms","ip":"192.168.1.57","userAgent":"PostmanRuntime/7.53.0"}
2026-04-13 15:47:41 [WARN] API-GATEWAY: POST /api/userAuth/verify-otp - 400 {"method":"POST","path":"/api/userAuth/verify-otp","statusCode":400,"duration":"41ms","ip":"192.168.1.57","userAgent":"PostmanRuntime/7.53.0"}
2026-04-13 15:51:16 [INFO] API-GATEWAY: POST /api/userAuth/send-otp - 200 {"method":"POST","path":"/api/userAuth/send-otp","statusCode":200,"duration":"10ms","ip":"192.168.1.57","userAgent":"PostmanRuntime/7.53.0"}
2026-04-13 15:51:38 [WARN] API-GATEWAY: POST /api/userAuth/verify-otp - 400 {"method":"POST","path":"/api/userAuth/verify-otp","statusCode":400,"duration":"59ms","ip":"192.168.1.57","userAgent":"PostmanRuntime/7.53.0"}
2026-04-13 15:53:48 [ERROR] API-GATEWAY: POST /api/userAuth/verify-otp - 500 {"method":"POST","path":"/api/userAuth/verify-otp","statusCode":500,"duration":"10ms","ip":"192.168.1.57","userAgent":"PostmanRuntime/7.53.0"}
2026-04-13 15:57:05 [INFO] API-GATEWAY: POST /api/userAuth/send-otp - 200 {"method":"POST","path":"/api/userAuth/send-otp","statusCode":200,"duration":"10ms","ip":"192.168.1.57","userAgent":"PostmanRuntime/7.53.0"}
2026-04-13 15:57:30 [INFO] API-GATEWAY: POST /api/userAuth/verify-otp - 200 {"method":"POST","path":"/api/userAuth/verify-otp","statusCode":200,"duration":"44ms","ip":"192.168.1.57","userAgent":"PostmanRuntime/7.53.0"}
2026-04-13 15:59:19 [WARN] API-GATEWAY: POST /api/userAuth/complete-profile%20 - 404 {"method":"POST","path":"/api/userAuth/complete-profile%20","statusCode":404,"duration":"7ms","ip":"192.168.1.57","userAgent":"PostmanRuntime/7.53.0"}
2026-04-13 16:00:11 [WARN] API-GATEWAY: POST /api/userAuth/complete-profile%20 - 404 {"method":"POST","path":"/api/userAuth/complete-profile%20","statusCode":404,"duration":"6ms","ip":"192.168.1.57","userAgent":"PostmanRuntime/7.53.0"}
2026-04-13 16:00:22 [WARN] API-GATEWAY: POST /api/userAuth/complete-profile - 404 {"method":"POST","path":"/api/userAuth/complete-profile","statusCode":404,"duration":"6ms","ip":"192.168.1.57","userAgent":"PostmanRuntime/7.53.0"}
2026-04-13 16:00:29 [ERROR] API-GATEWAY: PATCH /api/userAuth/complete-profile - 500 {"method":"PATCH","path":"/api/userAuth/complete-profile","statusCode":500,"duration":"129ms","ip":"192.168.1.57","userAgent":"PostmanRuntime/7.53.0"}
2026-04-13 16:00:36 [ERROR] API-GATEWAY: PATCH /api/userAuth/complete-profile - 500 {"method":"PATCH","path":"/api/userAuth/complete-profile","statusCode":500,"duration":"114ms","ip":"192.168.1.57","userAgent":"PostmanRuntime/7.53.0"}
2026-04-13 16:01:20 [WARN] API-GATEWAY: PATCH /api/userAuth/send-otp - 404 {"method":"PATCH","path":"/api/userAuth/send-otp","statusCode":404,"duration":"55ms","ip":"192.168.1.57","userAgent":"PostmanRuntime/7.53.0"}
2026-04-13 16:01:47 [INFO] API-GATEWAY: POST /api/userAuth/send-otp - 200 {"method":"POST","path":"/api/userAuth/send-otp","statusCode":200,"duration":"8ms","ip":"192.168.1.57","userAgent":"PostmanRuntime/7.53.0"}
2026-04-13 16:02:08 [INFO] API-GATEWAY: POST /api/userAuth/verify-otp - 200 {"method":"POST","path":"/api/userAuth/verify-otp","statusCode":200,"duration":"18ms","ip":"192.168.1.57","userAgent":"PostmanRuntime/7.53.0"}
2026-04-13 16:03:13 [ERROR] API-GATEWAY: PATCH /api/userAuth/complete-profile - 500 {"method":"PATCH","path":"/api/userAuth/complete-profile","statusCode":500,"duration":"118ms","ip":"192.168.1.57","userAgent":"PostmanRuntime/7.53.0"}
2026-04-13 16:03:22 [ERROR] API-GATEWAY: PATCH /api/userAuth/complete-profile - 500 {"method":"PATCH","path":"/api/userAuth/complete-profile","statusCode":500,"duration":"101ms","ip":"192.168.1.57","userAgent":"PostmanRuntime/7.53.0"}
2026-04-13 16:03:57 [ERROR] API-GATEWAY: PATCH /api/userAuth/complete-profile - 500 {"method":"PATCH","path":"/api/userAuth/complete-profile","statusCode":500,"duration":"116ms","ip":"192.168.1.57","userAgent":"PostmanRuntime/7.53.0"}
2026-04-13 16:05:53 [ERROR] API-GATEWAY: PATCH /api/userAuth/complete-profile - 500 {"method":"PATCH","path":"/api/userAuth/complete-profile","statusCode":500,"duration":"121ms","ip":"192.168.1.57","userAgent":"PostmanRuntime/7.53.0"}
2026-04-13 16:09:17 [WARN] API-GATEWAY: PATCH /api/userAuth/send-otp - 404 {"method":"PATCH","path":"/api/userAuth/send-otp","statusCode":404,"duration":"7ms","ip":"192.168.1.57","userAgent":"PostmanRuntime/7.53.0"}
2026-04-13 16:09:34 [INFO] API-GATEWAY: POST /api/userAuth/send-otp - 200 {"method":"POST","path":"/api/userAuth/send-otp","statusCode":200,"duration":"8ms","ip":"192.168.1.57","userAgent":"PostmanRuntime/7.53.0"}
2026-04-13 16:09:56 [INFO] API-GATEWAY: POST /api/userAuth/verify-otp - 200 {"method":"POST","path":"/api/userAuth/verify-otp","statusCode":200,"duration":"18ms","ip":"192.168.1.57","userAgent":"PostmanRuntime/7.53.0"}
2026-04-13 16:11:01 [INFO] API-GATEWAY: PATCH /api/user/69dcc47865577c99f7f85312 - 200 {"method":"PATCH","path":"/api/user/69dcc47865577c99f7f85312","statusCode":200,"duration":"32ms","ip":"192.168.1.57","userAgent":"PostmanRuntime/7.53.0"}
2026-04-13 16:16:39 [INFO] API-GATEWAY: GET /api/user/69dcc47865577c99f7f85312 - 200 {"method":"GET","path":"/api/user/69dcc47865577c99f7f85312","statusCode":200,"duration":"98ms","ip":"192.168.1.57","userAgent":"PostmanRuntime/7.53.0"}
2026-04-13 16:19:40 [INFO] API-GATEWAY: PATCH /api/user/69dcc47865577c99f7f85312 - 200 {"method":"PATCH","path":"/api/user/69dcc47865577c99f7f85312","statusCode":200,"duration":"33ms","ip":"192.168.1.57","userAgent":"PostmanRuntime/7.53.0"}
2026-04-13 16:21:01 [INFO] API-GATEWAY: GET /api/user/69dcc47865577c99f7f85312 - 200 {"method":"GET","path":"/api/user/69dcc47865577c99f7f85312","statusCode":200,"duration":"15ms","ip":"192.168.1.57","userAgent":"PostmanRuntime/7.53.0"}
2026-04-13 16:22:10 [INFO] API-GATEWAY: PATCH /api/user/69dcc47865577c99f7f85312 - 200 {"method":"PATCH","path":"/api/user/69dcc47865577c99f7f85312","statusCode":200,"duration":"17ms","ip":"192.168.1.57","userAgent":"PostmanRuntime/7.53.0"}
2026-04-13 16:22:57 [WARN] API-GATEWAY: PATCH /api/userAuth/send-otp - 404 {"method":"PATCH","path":"/api/userAuth/send-otp","statusCode":404,"duration":"37ms","ip":"192.168.1.57","userAgent":"PostmanRuntime/7.53.0"}
2026-04-13 16:23:05 [INFO] API-GATEWAY: POST /api/userAuth/send-otp - 200 {"method":"POST","path":"/api/userAuth/send-otp","statusCode":200,"duration":"12ms","ip":"192.168.1.57","userAgent":"PostmanRuntime/7.53.0"}
2026-04-13 16:23:36 [INFO] API-GATEWAY: POST /api/userAuth/verify-otp - 200 {"method":"POST","path":"/api/userAuth/verify-otp","statusCode":200,"duration":"78ms","ip":"192.168.1.57","userAgent":"PostmanRuntime/7.53.0"}
2026-04-13 16:24:12 [WARN] API-GATEWAY: PATCH /api/userAuth/verify-otp - 404 {"method":"PATCH","path":"/api/userAuth/verify-otp","statusCode":404,"duration":"6ms","ip":"192.168.1.57","userAgent":"PostmanRuntime/7.53.0"}
2026-04-13 16:24:40 [INFO] API-GATEWAY: PATCH /api/user/69dcc7accc9df47207086a3b - 200 {"method":"PATCH","path":"/api/user/69dcc7accc9df47207086a3b","statusCode":200,"duration":"12ms","ip":"192.168.1.57","userAgent":"PostmanRuntime/7.53.0"}
2026-04-13 16:30:41 [WARN] API-GATEWAY: PATCH /api/userAuth/send-otp - 404 {"method":"PATCH","path":"/api/userAuth/send-otp","statusCode":404,"duration":"48ms","ip":"192.168.1.57","userAgent":"PostmanRuntime/7.53.0"}
2026-04-13 16:31:24 [ERROR] API-GATEWAY: PATCH /api/userAuth/complete-profile - 500 {"method":"PATCH","path":"/api/userAuth/complete-profile","statusCode":500,"duration":"11ms","ip":"192.168.1.57","userAgent":"PostmanRuntime/7.53.0"}
2026-04-13 16:31:40 [ERROR] API-GATEWAY: PATCH /api/userAuth/complete-profile - 500 {"method":"PATCH","path":"/api/userAuth/complete-profile","statusCode":500,"duration":"122ms","ip":"192.168.1.57","userAgent":"PostmanRuntime/7.53.0"}
2026-04-13 16:33:38 [ERROR] API-GATEWAY: PATCH /api/userAuth/complete-profile - 500 {"method":"PATCH","path":"/api/userAuth/complete-profile","statusCode":500,"duration":"128ms","ip":"192.168.1.57","userAgent":"PostmanRuntime/7.53.0"}
2026-04-13 16:33:43 [ERROR] API-GATEWAY: PATCH /api/userAuth/complete-profile - 500 {"method":"PATCH","path":"/api/userAuth/complete-profile","statusCode":500,"duration":"82ms","ip":"192.168.1.57","userAgent":"PostmanRuntime/7.53.0"}
2026-04-13 16:33:45 [ERROR] API-GATEWAY: PATCH /api/userAuth/complete-profile - 500 {"method":"PATCH","path":"/api/userAuth/complete-profile","statusCode":500,"duration":"83ms","ip":"192.168.1.57","userAgent":"PostmanRuntime/7.53.0"}
2026-04-13 16:33:48 [ERROR] API-GATEWAY: PATCH /api/userAuth/complete-profile - 500 {"method":"PATCH","path":"/api/userAuth/complete-profile","statusCode":500,"duration":"88ms","ip":"192.168.1.57","userAgent":"PostmanRuntime/7.53.0"}
2026-04-13 16:33:50 [ERROR] API-GATEWAY: PATCH /api/userAuth/complete-profile - 500 {"method":"PATCH","path":"/api/userAuth/complete-profile","statusCode":500,"duration":"105ms","ip":"192.168.1.57","userAgent":"PostmanRuntime/7.53.0"}
2026-04-13 16:34:16 [WARN] API-GATEWAY: PATCH /api/userAuth/send-otp - 404 {"method":"PATCH","path":"/api/userAuth/send-otp","statusCode":404,"duration":"5ms","ip":"192.168.1.57","userAgent":"PostmanRuntime/7.53.0"}
2026-04-13 16:34:46 [INFO] API-GATEWAY: POST /api/userAuth/send-otp - 200 {"method":"POST","path":"/api/userAuth/send-otp","statusCode":200,"duration":"9ms","ip":"192.168.1.57","userAgent":"PostmanRuntime/7.53.0"}
2026-04-13 16:34:48 [INFO] API-GATEWAY: POST /api/userAuth/send-otp - 200 {"method":"POST","path":"/api/userAuth/send-otp","statusCode":200,"duration":"6ms","ip":"192.168.1.57","userAgent":"PostmanRuntime/7.53.0"}
2026-04-13 16:34:49 [INFO] API-GATEWAY: POST /api/userAuth/send-otp - 200 {"method":"POST","path":"/api/userAuth/send-otp","statusCode":200,"duration":"7ms","ip":"192.168.1.57","userAgent":"PostmanRuntime/7.53.0"}
2026-04-13 16:34:50 [INFO] API-GATEWAY: POST /api/userAuth/send-otp - 200 {"method":"POST","path":"/api/userAuth/send-otp","statusCode":200,"duration":"7ms","ip":"192.168.1.57","userAgent":"PostmanRuntime/7.53.0"}
2026-04-13 16:34:51 [INFO] API-GATEWAY: POST /api/userAuth/send-otp - 200 {"method":"POST","path":"/api/userAuth/send-otp","statusCode":200,"duration":"9ms","ip":"192.168.1.57","userAgent":"PostmanRuntime/7.53.0"}
2026-04-13 16:34:52 [INFO] API-GATEWAY: POST /api/userAuth/send-otp - 200 {"method":"POST","path":"/api/userAuth/send-otp","statusCode":200,"duration":"8ms","ip":"192.168.1.57","userAgent":"PostmanRuntime/7.53.0"}
2026-04-13 16:34:53 [INFO] API-GATEWAY: POST /api/userAuth/send-otp - 200 {"method":"POST","path":"/api/userAuth/send-otp","statusCode":200,"duration":"7ms","ip":"192.168.1.57","userAgent":"PostmanRuntime/7.53.0"}
2026-04-13 16:34:53 [INFO] API-GATEWAY: POST /api/userAuth/send-otp - 200 {"method":"POST","path":"/api/userAuth/send-otp","statusCode":200,"duration":"8ms","ip":"192.168.1.57","userAgent":"PostmanRuntime/7.53.0"}
2026-04-13 16:34:54 [INFO] API-GATEWAY: POST /api/userAuth/send-otp - 200 {"method":"POST","path":"/api/userAuth/send-otp","statusCode":200,"duration":"8ms","ip":"192.168.1.57","userAgent":"PostmanRuntime/7.53.0"}
2026-04-13 16:34:55 [INFO] API-GATEWAY: POST /api/userAuth/send-otp - 200 {"method":"POST","path":"/api/userAuth/send-otp","statusCode":200,"duration":"8ms","ip":"192.168.1.57","userAgent":"PostmanRuntime/7.53.0"}
2026-04-13 16:34:56 [WARN] API-GATEWAY: POST /api/userAuth/send-otp - 429 {"method":"POST","path":"/api/userAuth/send-otp","statusCode":429,"duration":"6ms","ip":"192.168.1.57","userAgent":"PostmanRuntime/7.53.0"}
2026-04-13 16:34:57 [WARN] API-GATEWAY: POST /api/userAuth/send-otp - 429 {"method":"POST","path":"/api/userAuth/send-otp","statusCode":429,"duration":"2ms","ip":"192.168.1.57","userAgent":"PostmanRuntime/7.53.0"}
2026-04-13 16:35:20 [WARN] API-GATEWAY: POST /api/userAuth/send-otp - 429 {"method":"POST","path":"/api/userAuth/send-otp","statusCode":429,"duration":"3ms","ip":"192.168.1.57","userAgent":"PostmanRuntime/7.53.0"}
2026-04-13 16:35:21 [WARN] API-GATEWAY: POST /api/userAuth/send-otp - 429 {"method":"POST","path":"/api/userAuth/send-otp","statusCode":429,"duration":"3ms","ip":"192.168.1.57","userAgent":"PostmanRuntime/7.53.0"}
2026-04-14 12:00:21 [WARN] API-GATEWAY: POST /api/userAuth/complete-profile - 404 {"method":"POST","path":"/api/userAuth/complete-profile","statusCode":404,"duration":"81ms","ip":"127.0.0.1","userAgent":"PostmanRuntime/7.53.0"}
2026-04-14 12:00:46 [INFO] API-GATEWAY: POST /api/userAuth/complete-profile - 200 {"method":"POST","path":"/api/userAuth/complete-profile","statusCode":200,"duration":"70ms","ip":"127.0.0.1","userAgent":"PostmanRuntime/7.53.0"}
2026-04-14 12:01:16 [INFO] API-GATEWAY: POST /api/userAuth/complete-profile - 200 {"method":"POST","path":"/api/userAuth/complete-profile","statusCode":200,"duration":"218ms","ip":"127.0.0.1","userAgent":"PostmanRuntime/7.53.0"}
2026-04-14 12:05:32 [ERROR] API-GATEWAY: POST /api/userAuth/complete-profile - 500 {"method":"POST","path":"/api/userAuth/complete-profile","statusCode":500,"duration":"32ms","ip":"127.0.0.1","userAgent":"PostmanRuntime/7.53.0"}
2026-04-14 12:05:46 [INFO] API-GATEWAY: POST /api/userAuth/complete-profile - 200 {"method":"POST","path":"/api/userAuth/complete-profile","statusCode":200,"duration":"9ms","ip":"127.0.0.1","userAgent":"PostmanRuntime/7.53.0"}
2026-04-14 12:07:20 [INFO] API-GATEWAY: POST /api/userAuth/complete-profile - 200 {"method":"POST","path":"/api/userAuth/complete-profile","statusCode":200,"duration":"35ms","ip":"127.0.0.1","userAgent":"PostmanRuntime/7.53.0"}
2026-04-14 12:07:29 [INFO] API-GATEWAY: POST /api/userAuth/complete-profile - 200 {"method":"POST","path":"/api/userAuth/complete-profile","statusCode":200,"duration":"9ms","ip":"127.0.0.1","userAgent":"PostmanRuntime/7.53.0"}
2026-04-14 12:07:51 [ERROR] API-GATEWAY: POST /api/userAuth/complete-profile - 500 {"method":"POST","path":"/api/userAuth/complete-profile","statusCode":500,"duration":"9ms","ip":"127.0.0.1","userAgent":"PostmanRuntime/7.53.0"}
2026-04-14 12:08:49 [INFO] API-GATEWAY: POST /api/userAuth/complete-profile - 200 {"method":"POST","path":"/api/userAuth/complete-profile","statusCode":200,"duration":"15ms","ip":"127.0.0.1","userAgent":"PostmanRuntime/7.53.0"}
2026-04-14 12:09:06 [INFO] API-GATEWAY: POST /api/userAuth/complete-profile - 200 {"method":"POST","path":"/api/userAuth/complete-profile","statusCode":200,"duration":"138ms","ip":"127.0.0.1","userAgent":"PostmanRuntime/7.53.0"}
2026-04-14 12:10:03 [WARN] API-GATEWAY: PATCH /api/user/69dddd8629ac2e666f977d12 - 403 {"method":"PATCH","path":"/api/user/69dddd8629ac2e666f977d12","statusCode":403,"duration":"25ms","ip":"127.0.0.1","userAgent":"PostmanRuntime/7.53.0"}
2026-04-14 12:23:11 [WARN] API-GATEWAY: PATCH /api/user/69dddd8629ac2e666f977d12 - 403 {"method":"PATCH","path":"/api/user/69dddd8629ac2e666f977d12","statusCode":403,"duration":"80ms","ip":"127.0.0.1","userAgent":"PostmanRuntime/7.53.0"}
2026-04-14 12:26:54 [WARN] API-GATEWAY: PATCH /api/user/69dddd8629ac2e666f977d12 - 403 {"method":"PATCH","path":"/api/user/69dddd8629ac2e666f977d12","statusCode":403,"duration":"35ms","ip":"127.0.0.1","userAgent":"PostmanRuntime/7.53.0"}
2026-04-14 12:28:39 [WARN] API-GATEWAY: PATCH /api/user/69dddd8629ac2e666f977d12 - 403 {"method":"PATCH","path":"/api/user/69dddd8629ac2e666f977d12","statusCode":403,"duration":"15ms","ip":"127.0.0.1","userAgent":"PostmanRuntime/7.53.0"}
2026-04-14 12:30:13 [WARN] API-GATEWAY: PATCH /api/user/69dddd8629ac2e666f977d12 - 403 {"method":"PATCH","path":"/api/user/69dddd8629ac2e666f977d12","statusCode":403,"duration":"30ms","ip":"127.0.0.1","userAgent":"PostmanRuntime/7.53.0"}
2026-04-14 12:42:17 [WARN] API-GATEWAY: PATCH /api/user/69dddd8629ac2e666f977d12 - 403 {"method":"PATCH","path":"/api/user/69dddd8629ac2e666f977d12","statusCode":403,"duration":"60ms","ip":"127.0.0.1","userAgent":"PostmanRuntime/7.53.0"}
2026-04-14 12:42:40 [INFO] API-GATEWAY: GET /api/user/69dddd8629ac2e666f977d12 - 200 {"method":"GET","path":"/api/user/69dddd8629ac2e666f977d12","statusCode":200,"duration":"51ms","ip":"127.0.0.1","userAgent":"PostmanRuntime/7.53.0"}
2026-04-14 12:43:14 [ERROR] API-GATEWAY: POST /api/userAuth/complete-profile - 500 {"method":"POST","path":"/api/userAuth/complete-profile","statusCode":500,"duration":"48ms","ip":"127.0.0.1","userAgent":"PostmanRuntime/7.53.0"}
2026-04-14 12:43:34 [ERROR] API-GATEWAY: POST /api/userAuth/complete-profile - 500 {"method":"POST","path":"/api/userAuth/complete-profile","statusCode":500,"duration":"14ms","ip":"127.0.0.1","userAgent":"PostmanRuntime/7.53.0"}
2026-04-14 12:43:45 [INFO] API-GATEWAY: POST /api/userAuth/complete-profile - 200 {"method":"POST","path":"/api/userAuth/complete-profile","statusCode":200,"duration":"9ms","ip":"127.0.0.1","userAgent":"PostmanRuntime/7.53.0"}
2026-04-14 12:44:12 [ERROR] API-GATEWAY: POST /api/userAuth/complete-profile - 500 {"method":"POST","path":"/api/userAuth/complete-profile","statusCode":500,"duration":"128ms","ip":"127.0.0.1","userAgent":"PostmanRuntime/7.53.0"}
2026-04-14 12:44:27 [INFO] API-GATEWAY: POST /api/userAuth/complete-profile - 200 {"method":"POST","path":"/api/userAuth/complete-profile","statusCode":200,"duration":"8ms","ip":"127.0.0.1","userAgent":"PostmanRuntime/7.53.0"}
2026-04-14 12:44:44 [WARN] API-GATEWAY: POST /api/userAuth/complete-profile - 400 {"method":"POST","path":"/api/userAuth/complete-profile","statusCode":400,"duration":"21ms","ip":"127.0.0.1","userAgent":"PostmanRuntime/7.53.0"}
2026-04-14 12:44:55 [INFO] API-GATEWAY: POST /api/userAuth/complete-profile - 200 {"method":"POST","path":"/api/userAuth/complete-profile","statusCode":200,"duration":"132ms","ip":"127.0.0.1","userAgent":"PostmanRuntime/7.53.0"}
2026-04-14 12:46:08 [WARN] API-GATEWAY: PATCH /api/user/69dde5eaa12844f4fe865413 - 403 {"method":"PATCH","path":"/api/user/69dde5eaa12844f4fe865413","statusCode":403,"duration":"10ms","ip":"127.0.0.1","userAgent":"PostmanRuntime/7.53.0"}
2026-04-14 12:49:28 [INFO] API-GATEWAY: POST /api/userAuth/complete-profile - 200 {"method":"POST","path":"/api/userAuth/complete-profile","statusCode":200,"duration":"33ms","ip":"127.0.0.1","userAgent":"PostmanRuntime/7.53.0"}
2026-04-14 12:49:54 [INFO] API-GATEWAY: POST /api/userAuth/complete-profile - 200 {"method":"POST","path":"/api/userAuth/complete-profile","statusCode":200,"duration":"113ms","ip":"127.0.0.1","userAgent":"PostmanRuntime/7.53.0"}
2026-04-14 12:52:48 [INFO] API-GATEWAY: POST /api/userAuth/complete-profile - 200 {"method":"POST","path":"/api/userAuth/complete-profile","statusCode":200,"duration":"34ms","ip":"127.0.0.1","userAgent":"PostmanRuntime/7.53.0"}
2026-04-14 12:53:19 [INFO] API-GATEWAY: POST /api/userAuth/complete-profile - 200 {"method":"POST","path":"/api/userAuth/complete-profile","statusCode":200,"duration":"122ms","ip":"127.0.0.1","userAgent":"PostmanRuntime/7.53.0"}
2026-04-14 12:54:22 [INFO] API-GATEWAY: PATCH /api/user/69dde7e3a12844f4fe865419 - 200 {"method":"PATCH","path":"/api/user/69dde7e3a12844f4fe865419","statusCode":200,"duration":"32ms","ip":"127.0.0.1","userAgent":"PostmanRuntime/7.53.0"}
